name;vendor;category;functionality;expiration;service_name;service_url
acalltrackerreferrer;AdCalls;Marketing;tostore referrer ID's.;persistent;AdCalls;https://cookiedatabase.org/service/adcalls/
prism_*;Active Campaign;Marketing;toStore and track interaction.;2 years;Active Campaign;https://cookiedatabase.org/service/active-campaign/
abj404_solution_*;404 Solution;Unknown;with unknown functionality;at least one session;404 Solution;https://cookiedatabase.org/service/404-solution/
ac_enable_tracking;Active Campaign;Functional;tostore cookie consent preferences.;1 month;Active Campaign;https://cookiedatabase.org/service/active-campaign/
acalltrackersession;AdCalls;Unknown;tostore a unique user ID.;session;AdCalls;https://cookiedatabase.org/service/adcalls/
at-lojson-cache-*;AddThis;Marketing;toprovide functions across pages.;persistent;AddThis;https://cookiedatabase.org/service/addthis/
acalltracker;AdCalls;Unknown;tostore phone numbers.;1 month;AdCalls;https://cookiedatabase.org/service/adcalls/
__atrfs;AddThis;Marketing;toprovide functions across pages.;session;AddThis;https://cookiedatabase.org/service/addthis/
_at.hist.*;AddThis;Statistics;tostore the user's usage history.;persistent;AddThis;https://cookiedatabase.org/service/addthis/
ouid;AddThis;Marketing;tostore a unique user ID.;1 year;AddThis;https://cookiedatabase.org/service/addthis/
na_tc;AddThis;Marketing;tostore dynamic variables from the browser.;2 years;AddThis;https://cookiedatabase.org/service/addthis/
mus;AddThis;Marketing;toprovide functions across pages.;1 year;AddThis;https://cookiedatabase.org/service/addthis/
loc;AddThis;Marketing;tostore location data.;13 months;AddThis;https://cookiedatabase.org/service/addthis/
uvc;AddThis;Marketing;tostore and track visits across websites.;13 months;AddThis;https://cookiedatabase.org/service/addthis/
uid;AddThis;Statistics;tostore a unique user ID.;1 year;AddThis;https://cookiedatabase.org/service/addthis/
uit;AddThis;Unknown;with unknown functionality;at least one session;AddThis;https://cookiedatabase.org/service/addthis/
DigiTrust.v1.identity;Adform;Marketing;tostore a unique user ID.;1 week;Adform;https://cookiedatabase.org/service/adform/
ADKUID;AdKernel;Unknown;with unknown functionality;at least one session;AdKernel;https://cookiedatabase.org/service/adkernel/
ADK_EX_15;AdKernel;Unknown;with unknown functionality;at least one session;AdKernel;https://cookiedatabase.org/service/adkernel/
s_ecid;Adobe experience cloud;Marketing;toStore and track interaction.;2 years;Adobe experience cloud;https://cookiedatabase.org/service/adobeexperiencecloud/
AMCV_*AdobeOrg;Adobe experience cloud;Statistics;tostore last visit.;2 years;Adobe experience cloud;https://cookiedatabase.org/service/adobeexperiencecloud/
AMCVS_*AdobeOrg;Adobe experience cloud;Marketing;toStore and track interaction.;session;Adobe experience cloud;https://cookiedatabase.org/service/adobeexperiencecloud/
AMCVS_*@AdobeOrg;Adobe experience cloud;Marketing;toStore and track interaction.;session;Adobe experience cloud;https://cookiedatabase.org/service/adobeexperiencecloud/
AMCV_*@AdobeOrg;Adobe experience cloud;Statistics;tostore last visit.;2 years;Adobe experience cloud;https://cookiedatabase.org/service/adobeexperiencecloud/
redux_*;Admin;Unknown;with unknown functionality;at least one session;Admin;https://cookiedatabase.org/service/admin/
HS_APPS;Admin;Functional;toprovide admin functions.;various;Admin;https://cookiedatabase.org/service/admin/
sessioncookie;Admin;Unknown;with unknown functionality;at least one session;Admin;https://cookiedatabase.org/service/admin/
HS_APPS_FETCH_DATE;Admin;Functional;toprovide timezone.;various;Admin;https://cookiedatabase.org/service/admin/
lastClipboardTimestamp;Admin;Unknown;with unknown functionality;at least one session;Admin;https://cookiedatabase.org/service/admin/
color;Admin;Unknown;with unknown functionality;at least one session;Admin;https://cookiedatabase.org/service/admin/
tab-active;Admin;Unknown;with unknown functionality;at least one session;Admin;https://cookiedatabase.org/service/admin/
cp-userdata-config_activepill_sliders_;Admin;Functional;with unknown functionality;at least one session;Admin;https://cookiedatabase.org/service/admin/
*_current_step;Admin;Unknown;with unknown functionality;at least one session;Admin;https://cookiedatabase.org/service/admin/
*_end;Admin;Unknown;with unknown functionality;at least one session;Admin;https://cookiedatabase.org/service/admin/
Adobe Fonts API;Adobe Fonts;Marketing;toread user IP address.;expires immediately;Adobe Fonts;https://cookiedatabase.org/service/adobefonts/
s_cc;Adobe Analytics;Functional;tostore information about cookies that have been detected on the site.;session;Adobe Analytics;https://cookiedatabase.org/service/adobe-analytics/
demdex;Adobe Marketing Cloud;Marketing;toprovide functions across pages.;6 months;Adobe Marketing Cloud;https://cookiedatabase.org/service/adobe-marketing-cloud/
dpm;Adobe Marketing Cloud;Marketing;toprovide ad delivery or retargeting.;6 months;Adobe Marketing Cloud;https://cookiedatabase.org/service/adobe-marketing-cloud/
SnapABugRef;Adobe Marketing Cloud,SnapEngage;Unknown;with unknown functionality;1 hour;Adobe Marketing Cloud;https://cookiedatabase.org/service/adobe-marketing-cloud/
s_vi;Adobe Marketing Cloud;Marketing;tostore and count pageviews.;10 years;Adobe Marketing Cloud;https://cookiedatabase.org/service/adobe-marketing-cloud/
__adroll_v4;Adroll;Marketing;with unknown functionality;at least one session;Adroll;https://cookiedatabase.org/service/adroll/
__adroll_post_consent_css;Adroll;Functional;with unknown functionality;at least one session;Adroll;https://cookiedatabase.org/service/adroll/
__adroll_consent_paramas;Adroll;Functional;with unknown functionality;at least one session;Adroll;https://cookiedatabase.org/service/adroll/
__adroll_post_consent_html;Adroll;Functional;with unknown functionality;at least one session;Adroll;https://cookiedatabase.org/service/adroll/
adthrive_lzbpvp;AdThrive;Marketing;tostore information for remarketing purposes.;at least one session;AdThrive;https://cookiedatabase.org/service/adthrive/
__adroll_fpc;Adroll;Marketing;with unknown functionality;at least one session;Adroll;https://cookiedatabase.org/service/adroll/
__adroll;Adroll;Marketing;with unknown functionality;at least one session;Adroll;https://cookiedatabase.org/service/adroll/
adthrive_reqto;AdThrive;Marketing;tostore information for remarketing purposes.;at least one session;AdThrive;https://cookiedatabase.org/service/adthrive/
adthrive_lzhb;AdThrive;Marketing;tostore information for remarketing purposes.;at least one session;AdThrive;https://cookiedatabase.org/service/adthrive/
adthrive_vast_to;AdThrive;Marketing;tostore information for remarketing purposes.;at least one session;AdThrive;https://cookiedatabase.org/service/adthrive/
adthrive_lzcvp;AdThrive;Marketing;tostore information for remarketing purposes.;at least one session;AdThrive;https://cookiedatabase.org/service/adthrive/
adthrive_maxre;AdThrive;Marketing;tostore information for remarketing purposes.;at least one session;AdThrive;https://cookiedatabase.org/service/adthrive/
adthrive_idho;AdThrive;Marketing;tostore information for remarketing purposes.;at least one session;AdThrive;https://cookiedatabase.org/service/adthrive/
adthrive_auorder;AdThrive;Marketing;tostore information for remarketing purposes.;at least one session;AdThrive;https://cookiedatabase.org/service/adthrive/
adthrive_amzn_hold_load;AdThrive;Functional;toprovide load balancing functionality.;persistent;AdThrive;https://cookiedatabase.org/service/adthrive/
adthrive_vscs;AdThrive;Marketing;tostore information for remarketing purposes.;at least one session;AdThrive;https://cookiedatabase.org/service/adthrive/
acf;Advanced Custom Fields;Unknown;toprovide functions across pages.;expires immediately;Advanced Custom Fields;https://cookiedatabase.org/service/advanced-custom-fields/
kalium_acfpro_gm_tab_*;Advanced Custom Fields;Functional;toprovide functions across pages.;at least one session;Advanced Custom Fields;https://cookiedatabase.org/service/advanced-custom-fields/
aelia_cs_selected_currency;Aelia;Functional;tostore currency settings.;1 day;Aelia;https://cookiedatabase.org/service/aelia/
hppsession;Adyen;Functional;with unknown functionality;at least one session;Adyen;https://cookiedatabase.org/service/adyen/
google_ama_config;Advanced Ads,Google Adsense;Marketing;with unknown functionality;persistent;Advanced Ads;https://cookiedatabase.org/service/advanced-ads/
advanced_ads_hide_deactivate_feedback;Advanced Ads;Functional;toprovide a responsive website.;30 days;Advanced Ads;https://cookiedatabase.org/service/advanced-ads/
_gat_advadsTracker;Advanced Ads;Marketing;toStore and track interaction.;various;Advanced Ads;https://cookiedatabase.org/service/advanced-ads/
advads_hide_deactivate_feedback;Advanced Ads;Functional;toprovide a responsive website.;30 days;Advanced Ads;https://cookiedatabase.org/service/advanced-ads/
advanced_ads_page_impressions;Advanced Ads;Statistics;tostore and count pageviews.;6 months;Advanced Ads;https://cookiedatabase.org/service/advanced-ads/
advanced_ads_browser_width;Advanced Ads;Marketing;toprovide a responsive website.;30 days;Advanced Ads;https://cookiedatabase.org/service/advanced-ads/
advanced_ads_pro_visitor_referrer;Advanced Ads;Marketing;tostore referring website.;1 year;Advanced Ads;https://cookiedatabase.org/service/advanced-ads/
afwc_campaign;Affiliate for WooCommerce;Statistics (anonymous);tostore and track the affiliate campaign.;at least one session;Affiliate for WooCommerce;https://cookiedatabase.org/service/affiliate-for-woocommerce/
affwp_ref_visit_id;Affiliate WP;Statistics (anonymous);tostore a unique user ID.;1 month;Affiliate WP;https://cookiedatabase.org/service/affiliate_wp/
affwp_ref;Affiliate WP;Statistics (anonymous);tostore referrer ID's.;1 month;Affiliate WP;https://cookiedatabase.org/service/affiliate_wp/
affwp_campaign;Affiliate WP;Statistics (anonymous);tostore referring website.;1 month;Affiliate WP;https://cookiedatabase.org/service/affiliate_wp/
*-agile-crm-guid;Agile CRM;Marketing;tostore and track a visitor's identity.;5 years;Agile CRM;https://cookiedatabase.org/service/agile-crm/
age-gator;Age Gator;Functional;toprovide access.;persistent;Age Gator;https://cookiedatabase.org/service/age-gator/
*-agile-crm-session_start_time;Agile CRM;Marketing;toprovide functions across pages.;session;Agile CRM;https://cookiedatabase.org/service/agile-crm/
*-agile-crm-session_id;Agile CRM;Marketing;toprovide functions across pages.;session;Agile CRM;https://cookiedatabase.org/service/agile-crm/
ak_bmsc;Akamai;Unknown;with unknown functionality;at least one session;Akamai;https://cookiedatabase.org/service/akamai/
__auc;Alexa Analytics;Statistics;with unknown functionality;1 year;Alexa Analytics;https://cookiedatabase.org/service/alexa-analytics/
AKA_A2;Akamai;Functional;with unknown functionality;at least one session;Akamai;https://cookiedatabase.org/service/akamai/
service-*;Algolia;Unknown;with unknown functionality;at least one session;Algolia;https://cookiedatabase.org/service/algolia/
__asc;Alexa Analytics;Statistics;with unknown functionality;1 day;Alexa Analytics;https://cookiedatabase.org/service/alexa-analytics/
aiowps_cookie_test_*;All In One WP Security & Firewall;Functional;with unknown functionality;at least one session;"All In One WP Security &amp; Firewall";https://cookiedatabase.org/service/all-in-one-wp-security-firewall/
hasConsents;All in One WP Migration;Functional;tostore privacy preferences.;session;All in One WP Migration;https://cookiedatabase.org/service/all-in-one-wp-migration/
hasConsent;All in One WP Migration;Functional;tostore privacy preferences.;session;All in One WP Migration;https://cookiedatabase.org/service/all-in-one-wp-migration/
algoliasearch-client-js;Algolia;Functional;with unknown functionality;session;Algolia;https://cookiedatabase.org/service/algolia/
av_cid;Altervista;Marketing;toprovide functions across pages.;various;Altervista;https://cookiedatabase.org/service/altervista/
gtag_ga;Altervista,Google various services;Statistics;tostore anonymized statistics.;2 years;Altervista;https://cookiedatabase.org/service/altervista/
hasConsented;All in One WP Migration;Functional;tostore privacy preferences.;session;All in One WP Migration;https://cookiedatabase.org/service/all-in-one-wp-migration/
gtag_ga_R5PDW0TTSP;Altervista,Google various services;Statistics;tostore a unique user ID.;2 years;Altervista;https://cookiedatabase.org/service/altervista/
av_earnings_cache_key;Altervista;Functional;toprovide admin functions.;persistent;Altervista;https://cookiedatabase.org/service/altervista/
av_earnings_cache;Altervista;Functional;toProvide the prevention of cached pages.;persistent;Altervista;https://cookiedatabase.org/service/altervista/
AWSALB;Amazon Application Load Balancer;Functional;toprovide load balancing functionality.;1 week;Amazon Application Load Balancer;https://cookiedatabase.org/service/amazon-application-load-balancer/
AWSALBCORS;Amazon Application Load Balancer;Functional;toprovide load balancing functionality.;1 week;Amazon Application Load Balancer;https://cookiedatabase.org/service/amazon-application-load-balancer/
AWSELB;Amazon Application Load Balancer;Functional;toprovide load balancing functionality.;session;Amazon Application Load Balancer;https://cookiedatabase.org/service/amazon-application-load-balancer/
ad-privacy;Amazon Adsystem;Marketing;toprovide ad delivery or retargeting.;5 years;Amazon Adsystem;https://cookiedatabase.org/service/amazon-adsystem/
ad-id;Amazon Adsystem;Marketing;toprovide ad delivery or retargeting.;7 months;Amazon Adsystem;https://cookiedatabase.org/service/amazon-adsystem/
clickcount;Amazon;Unknown;with unknown functionality;session;Amazon;https://cookiedatabase.org/service/amazon/
session_count;Amazon;Unknown;with unknown functionality;persistent;Amazon;https://cookiedatabase.org/service/amazon/
boostpixel_cookie;Amazon;Unknown;with unknown functionality;1 year;Amazon;https://cookiedatabase.org/service/amazon/
apay-session-set;Amazon Pay;Unknown;with unknown functionality;session;Amazon Pay;https://cookiedatabase.org/service/amazon-pay/
amazon-pay-abtesting-apa-migration;Amazon Pay;Functional;with unknown functionality;session;Amazon Pay;https://cookiedatabase.org/service/amazon-pay/
amazon-pay-abtesting-new-widgets;Amazon Pay;Unknown;with unknown functionality;session;Amazon Pay;https://cookiedatabase.org/service/amazon-pay/
amazon-pay-connectedAuth;Amazon Pay;Functional;with unknown functionality;session;Amazon Pay;https://cookiedatabase.org/service/amazon-pay/
ameliaRangePast;Amelia;Functional;toprovide functions across pages.;45 minutes;Amelia;https://cookiedatabase.org/service/amelia/
ameliaRangeFuture;Amelia;Functional;toprovide functions across pages.;45 minutes;Amelia;https://cookiedatabase.org/service/amelia/
ameliaToken;Amelia;Functional;toStore logged in users.;45 minutes;Amelia;https://cookiedatabase.org/service/amelia/
ameliaUserEmail;Amelia;Functional;toStore logged in users.;45 minutes;Amelia;https://cookiedatabase.org/service/amelia/
apc_user_id;AppCues;Preferences;tostore a unique user ID.;persistent;AppCues;https://cookiedatabase.org/service/appcues/
ajs_anonymous_id;Atlassian Jira Servicedesk;Statistics;tostore last visit.;1 year;Atlassian Jira Servicedesk;https://cookiedatabase.org/service/atlassian-jira-servicedesk/
ajs_group_id;Atlassian Jira Servicedesk;Unknown;with unknown functionality;at least one session;Atlassian Jira Servicedesk;https://cookiedatabase.org/service/atlassian-jira-servicedesk/
ajs_user_id;Atlassian Jira Servicedesk;Unknown;with unknown functionality;at least one session;Atlassian Jira Servicedesk;https://cookiedatabase.org/service/atlassian-jira-servicedesk/
asgarosforum_unique_id;Asgaros Forum;Functional;toprovide functions across pages.;17 years;Asgaros Forum;https://cookiedatabase.org/service/asgaros-forum/
asgarosforum_unread_exclude;Asgaros Forum;Functional;tostore if a message has been shown.;17 years;Asgaros Forum;https://cookiedatabase.org/service/asgaros-forum/
asgarosforum_unread_cleared;Asgaros Forum;Functional;tostore if a message has been shown.;17 years;Asgaros Forum;https://cookiedatabase.org/service/asgaros-forum/
wp_automatewoo_session_started;AutomateWoo;Functional;tostore time of visit.;session;AutomateWoo;https://cookiedatabase.org/service/automatewoo/
wp_automatewoo_visitor_*;AutomateWoo;Preferences;toStore and track interaction.;various;AutomateWoo;https://cookiedatabase.org/service/automatewoo/
autoptimize_feed;Autoptimize;Functional;tostore user preferences.;1 year;Autoptimize;https://cookiedatabase.org/service/autoptimize/
tk_ni;Automattic;Statistics;toprovide functions across pages.;various;Automattic;https://cookiedatabase.org/service/automattic/
tk_ai;Automattic;Statistics;tostore a unique user ID.;session;Automattic;https://cookiedatabase.org/service/automattic/
tk_qs;Automattic,Jetpack;Statistics;toprovide functions across pages.;30 minutes;Automattic;https://cookiedatabase.org/service/automattic/
AxiGoogleFonts;Auxin Elements;Unknown;with unknown functionality;at least one session;Auxin Elements;https://cookiedatabase.org/service/auxin-elements/
AxiGoogleFontsDate;Auxin Elements;Unknown;with unknown functionality;at least one session;Auxin Elements;https://cookiedatabase.org/service/auxin-elements/
fl-builder-settings-tab;Beaver Builder;Functional;with unknown functionality;session;Beaver Builder;https://cookiedatabase.org/service/beaver-builder/
_wpas_session;Awesome Support;Functional;toprovide functions across pages.;at least one session;Awesome Support;https://cookiedatabase.org/service/awesome-support/
fl-cache-updater-*;Beaver Builder;Functional;with unknown functionality;session;Beaver Builder;https://cookiedatabase.org/service/beaver-builder/
fl-cache-app-state-*;Beaver Builder;Functional;with unknown functionality;session;Beaver Builder;https://cookiedatabase.org/service/beaver-builder/
privacy_embeds;Avada Privacy Bar;Functional;tostore user preferences.;at least one session;Avada Privacy Bar;https://cookiedatabase.org/service/avada-privacy-bar/
_biz_nA;Bizible;Unknown;with unknown functionality;at least one session;Bizible;https://cookiedatabase.org/service/bizible/
_biz_pendingA;Bizible;Unknown;with unknown functionality;at least one session;Bizible;https://cookiedatabase.org/service/bizible/
_biz_uid;Bizible;Unknown;with unknown functionality;at least one session;Bizible;https://cookiedatabase.org/service/bizible/
BkOpSession;Beeketing;Marketing;with unknown functionality;session;Beeketing;https://cookiedatabase.org/service/beeketing/
bk_ss;Beeketing;Marketing;with unknown functionality;persistent;Beeketing;https://cookiedatabase.org/service/beeketing/
bkt_session_id;Beeketing;Marketing;tostore a unique session ID.;session;Beeketing;https://cookiedatabase.org/service/beeketing/
bk_spop_viewed;Beeketing;Marketing;with unknown functionality;at least one session;Beeketing;https://cookiedatabase.org/service/beeketing/
bkeh;Beeketing;Marketing;with unknown functionality;at least one session;Beeketing;https://cookiedatabase.org/service/beeketing/
bk_spop_sign_up_viewed;Beeketing;Marketing;with unknown functionality;at least one session;Beeketing;https://cookiedatabase.org/service/beeketing/
bk_ss_time;Beeketing;Marketing;with unknown functionality;persistent;Beeketing;https://cookiedatabase.org/service/beeketing/
bk_spop_notification;Beeketing;Marketing;with unknown functionality;at least one session;Beeketing;https://cookiedatabase.org/service/beeketing/
bk_bkeh;Beeketing;Marketing;with unknown functionality;at least one session;Beeketing;https://cookiedatabase.org/service/beeketing/
bk_ccart_tracking_cart_data;Beeketing;Marketing;tostore items in shopping cart.;persistent;Beeketing;https://cookiedatabase.org/service/beeketing/
bleeper_first;Bleeper Live Chat;Unknown;with unknown functionality;at least one session;Bleeper Live Chat;https://cookiedatabase.org/service/bleeper-live-chat/
bleeper_current;Bleeper Live Chat;Unknown;with unknown functionality;at least one session;Bleeper Live Chat;https://cookiedatabase.org/service/bleeper-live-chat/
Bitdefender_Block;Bitdefender;Unknown;with unknown functionality;at least one session;Bitdefender;https://cookiedatabase.org/service/bitdefender/
bleeper_customerID_*;Bleeper Live Chat;Unknown;with unknown functionality;at least one session;Bleeper Live Chat;https://cookiedatabase.org/service/bleeper-live-chat/
bvfw-bypass-cookie;BlogVault;Unknown;with unknown functionality;at least one session;BlogVault;https://cookiedatabase.org/service/blogvault/
__exponea_time2__;Bloomreach;Functional;toprovide timezone.;1 hour;Bloomreach;https://cookiedatabase.org/service/bloomreach/
__exponea_etc__;Bloomreach;Marketing;tostore a unique user ID.;3 years;Bloomreach;https://cookiedatabase.org/service/bloomreach/
bookly-cst-country;Bookly;Functional;with unknown functionality;session;Bookly;https://cookiedatabase.org/service/bookly/
bookly-cst-additional-address;Bookly;Functional;with unknown functionality;session;Bookly;https://cookiedatabase.org/service/bookly/
bookly-cst-street;Bookly;Functional;with unknown functionality;session;Bookly;https://cookiedatabase.org/service/bookly/
bookly-cst-city;Bookly;Functional;with unknown functionality;session;Bookly;https://cookiedatabase.org/service/bookly/
bookly-cst-postcode;Bookly;Functional;with unknown functionality;session;Bookly;https://cookiedatabase.org/service/bookly/
bookly-cst-last-name;Bookly;Functional;with unknown functionality;session;Bookly;https://cookiedatabase.org/service/bookly/
bookly-cst-info-fields;Bookly;Functional;with unknown functionality;session;Bookly;https://cookiedatabase.org/service/bookly/
bookly-cst-full-name;Bookly;Functional;with unknown functionality;session;Bookly;https://cookiedatabase.org/service/bookly/
bookly-cst-email;Bookly;Functional;with unknown functionality;session;Bookly;https://cookiedatabase.org/service/bookly/
bookly-cst-first-name;Bookly;Functional;with unknown functionality;session;Bookly;https://cookiedatabase.org/service/bookly/
borlabs-cookie;Borlabs;Unknown;with unknown functionality;at least one session;Borlabs;https://cookiedatabase.org/service/borlabs/
borlabsCookie;Borlabs;Functional;tostore cookie consent preferences.;1 year;Borlabs;https://cookiedatabase.org/service/borlabs/
bkng_sso_session;Booking.com;Functional;toprovide access.;5 years;Booking.com;https://cookiedatabase.org/service/booking/
lastSeen;Booking.com;Functional;tostore last visit.;session;Booking.com;https://cookiedatabase.org/service/booking/
has_preloaded;Booking.com;Functional;toprovide bandwidth estimations.;1 year;Booking.com;https://cookiedatabase.org/service/booking/
cors_js;Booking.com;Functional;toprovide load balancing functionality.;1 year;Booking.com;https://cookiedatabase.org/service/booking/
btest;Booking.com;Unknown;with unknown functionality;persistent;Booking.com;https://cookiedatabase.org/service/booking/
_pxhd;Booking.com;Functional;toprovide protection against hackers.;1 year;Booking.com;https://cookiedatabase.org/service/booking/
bkng;Booking.com;Functional;tostore ID's of experiments and sessions for A/B testing.;5 years;Booking.com;https://cookiedatabase.org/service/booking/
bjs;Booking.com;Functional;toprovide functions across pages.;1 day;Booking.com;https://cookiedatabase.org/service/booking/
_px3;Booking.com;Functional;toprovide protection against hackers.;1 hour;Booking.com;https://cookiedatabase.org/service/booking/
_pxvid;Booking.com;Functional;toprovide protection against hackers.;1 year;Booking.com;https://cookiedatabase.org/service/booking/
bst_dsgvo_cookie;BST - Systemtechnik;Unknown;with unknown functionality;1 year;BST - Systemtechnik;https://cookiedatabase.org/service/bst-systemtechnik/
sib_cuid;Brevo;Functional;tostore unique visits.;1 year;Brevo;https://cookiedatabase.org/service/sendinblue/
brz-authorized;Brizy;Functional;toprovide admin functions.;session;Brizy;https://cookiedatabase.org/service/brizy/
brz-showedPopups;Brizy;Functional;tostore performed actions on the website.;persistent;Brizy;https://cookiedatabase.org/service/brizy/
brz-firstVisit;Brizy;Statistics (anonymous);tostore which page was visited first.;persistent;Brizy;https://cookiedatabase.org/service/brizy/
brz-pagesViewsInSessionTimeLine;Brizy;Statistics (anonymous);toStore and track interaction.;persistent;Brizy;https://cookiedatabase.org/service/brizy/
brz-showedPopupsInSessionTimeLine;Brizy;Functional;tostore performed actions on the website.;persistent;Brizy;https://cookiedatabase.org/service/brizy/
brz-pagesViews;Brizy;Statistics (anonymous);tostore which page was visited first.;persistent;Brizy;https://cookiedatabase.org/service/brizy/
bp-message-type;BuddyPress;Unknown;with unknown functionality;at least one session;BuddyPress;https://cookiedatabase.org/service/buddypress/
bp-document;BuddyPress;Unknown;with unknown functionality;at least one session;BuddyPress;https://cookiedatabase.org/service/buddypress/
brz-lastVisit;Brizy;Statistics (anonymous);tostore last visit.;persistent;Brizy;https://cookiedatabase.org/service/brizy/
brz-sessions;Brizy;Statistics (anonymous);tostore ad display frequency.;persistent;Brizy;https://cookiedatabase.org/service/brizy/
bp-anonymous-comment-id;BuddyPress;Unknown;with unknown functionality;at least one session;BuddyPress;https://cookiedatabase.org/service/buddypress/
bp-anonymous-comment-activity-id;BuddyPress;Unknown;with unknown functionality;at least one session;BuddyPress;https://cookiedatabase.org/service/buddypress/
bp-message;BuddyPress;Unknown;with unknown functionality;at least one session;BuddyPress;https://cookiedatabase.org/service/buddypress/
bp-bboss-is-media-page;BuddyPress;Unknown;with unknown functionality;at least one session;BuddyPress;https://cookiedatabase.org/service/buddypress/
bp-post-as;BuddyPress;Unknown;with unknown functionality;at least one session;BuddyPress;https://cookiedatabase.org/service/buddypress/
bp-comment-as;BuddyPress;Unknown;with unknown functionality;at least one session;BuddyPress;https://cookiedatabase.org/service/buddypress/
bp-group_members-scope;BuddyPress;Unknown;with unknown functionality;at least one session;BuddyPress;https://cookiedatabase.org/service/buddypress/
bp-group_members-filter;BuddyPress;Unknown;with unknown functionality;at least one session;BuddyPress;https://cookiedatabase.org/service/buddypress/
wfacp_form_values;Build WooFunnels;Functional;with unknown functionality;persistent;Build WooFunnels;https://cookiedatabase.org/service/build-woofunnels/
wfacp_checkout_page_id;Build WooFunnels;Functional;with unknown functionality;persistent;Build WooFunnels;https://cookiedatabase.org/service/build-woofunnels/
buttonizer_dashboard_groups_opened;Buttonizer;Functional;toprovide functions across pages.;session;Buttonizer;https://cookiedatabase.org/service/buttonizer/
buttonizer_bar_state_scroll;Buttonizer;Functional;toprovide a smoother scrolling experience.;session;Buttonizer;https://cookiedatabase.org/service/buttonizer/
buttonizer_live_groups_opened;Buttonizer;Functional;toprovide functions across pages.;session;Buttonizer;https://cookiedatabase.org/service/buttonizer/
burst_datatable_columns_referrers;Burst Statistics;Unknown;with unknown functionality;at least one session;Burst Statistics;https://cookiedatabase.org/service/burst-statistics/
buttonizer_bar_state_opened;Buttonizer;Functional;tostore user preferences.;session;Buttonizer;https://cookiedatabase.org/service/buttonizer/
buttonizer-first-visit;Buttonizer;Functional;tostore first visit to the site.;session;Buttonizer;https://cookiedatabase.org/service/buttonizer/
burst_datatable_columns_parameters;Burst Statistics;Unknown;with unknown functionality;at least one session;Burst Statistics;https://cookiedatabase.org/service/burst-statistics/
burst_datatable_columns_campaigns;Burst Statistics;Unknown;with unknown functionality;at least one session;Burst Statistics;https://cookiedatabase.org/service/burst-statistics/
burst_datatable_columns_pages;Burst Statistics;Unknown;with unknown functionality;at least one session;Burst Statistics;https://cookiedatabase.org/service/burst-statistics/
burst_datatable_columns_countries;Burst Statistics;Unknown;with unknown functionality;at least one session;Burst Statistics;https://cookiedatabase.org/service/burst-statistics/
burst_widget_date_range;Burst Statistics;Unknown;with unknown functionality;at least one session;Burst Statistics;https://cookiedatabase.org/service/burst-statistics/
burst_selectedRangeKey;Burst Statistics;Unknown;with unknown functionality;at least one session;Burst Statistics;https://cookiedatabase.org/service/burst-statistics/
burst_datatable_config_*;Burst Statistics;Unknown;with unknown functionality;at least one session;Burst Statistics;https://cookiedatabase.org/service/burst-statistics/
burst_pages_columns;Burst Statistics;Unknown;with unknown functionality;at least one session;Burst Statistics;https://cookiedatabase.org/service/burst-statistics/
__ctm*;Call Tracking Metrics;Marketing;with unknown functionality;at least one session;Call Tracking Metrics;https://cookiedatabase.org/service/call_tracking_metrics/
_calendly_session;Calendly;Functional;tostore user preferences.;session;Calendly;https://cookiedatabase.org/service/calendly/
burst_acquisition_data_type;Burst Statistics;Unknown;with unknown functionality;at least one session;Burst Statistics;https://cookiedatabase.org/service/burst-statistics/
__ctm*_ttl;Call Tracking Metrics;Marketing;with unknown functionality;at least one session;Call Tracking Metrics;https://cookiedatabase.org/service/call_tracking_metrics/
calltrk_session_id;CallRail;Unknown;with unknown functionality;1 year;CallRail;https://cookiedatabase.org/service/callrail/
ctm;Call Tracking Metrics;Unknown;with unknown functionality;at least one session;Call Tracking Metrics;https://cookiedatabase.org/service/call_tracking_metrics/
calltrk-calltrk_landing;CallRail;Unknown;with unknown functionality;persistent;CallRail;https://cookiedatabase.org/service/callrail/
calltrk-_ga;CallRail;Unknown;toprovide call tracking.;persistent;CallRail;https://cookiedatabase.org/service/callrail/
calltrk-calltrk_session_id;CallRail;Unknown;with unknown functionality;1 year;CallRail;https://cookiedatabase.org/service/callrail/
calltrk-calltrk_referrer;CallRail;Unknown;with unknown functionality;1 year;CallRail;https://cookiedatabase.org/service/callrail/
calltrk_referrer;CallRail;Marketing;with unknown functionality;at least one session;CallRail;https://cookiedatabase.org/service/callrail/
calltrk_session_id_*;CallRail;Marketing;with unknown functionality;at least one session;CallRail;https://cookiedatabase.org/service/callrail/
calltrk_landing;CallRail;Unknown;with unknown functionality;at least one session;CallRail;https://cookiedatabase.org/service/callrail/
CAN_Store_*;Canddi;Marketing;tostore and track visits across websites.;1 day;Canddi;https://cookiedatabase.org/service/canddi/
__canny__userID;Canny;Unknown;with unknown functionality;at least one session;Canny;https://cookiedatabase.org/service/canny/
__canny__sessionID;Canny;Unknown;with unknown functionality;session;Canny;https://cookiedatabase.org/service/canny/
__canny__experimentID;Canny;Unknown;with unknown functionality;at least one session;Canny;https://cookiedatabase.org/service/canny/
CaosGtag_ga_gid;CAOS | Host Google Analytics Locally;Unknown;with unknown functionality;at least one session;CAOS | Host Google Analytics Locally;https://cookiedatabase.org/service/caos-host-google-analytics-locally/
CaosGtag_ga;CAOS | Host Google Analytics Locally;Unknown;with unknown functionality;at least one session;CAOS | Host Google Analytics Locally;https://cookiedatabase.org/service/caos-host-google-analytics-locally/
caosLocalGa;CAOS | Host Google Analytics Locally;Unknown;with unknown functionality;at least one session;CAOS | Host Google Analytics Locally;https://cookiedatabase.org/service/caos-host-google-analytics-locally/
caosLocalGa_gid;CAOS | Host Google Analytics Locally;Unknown;with unknown functionality;at least one session;CAOS | Host Google Analytics Locally;https://cookiedatabase.org/service/caos-host-google-analytics-locally/
cartflows_checkout_form;Cartflows;Unknown;with unknown functionality;at least one session;Cartflows;https://cookiedatabase.org/service/cartflows/
cartflows_session_*;CartFlows Funnel Builder;Unknown;with unknown functionality;at least one session;CartFlows Funnel Builder;https://cookiedatabase.org/service/funnel-builder/
wcf-visited-flow-*;CartFlows Funnel Builder;Unknown;with unknown functionality;at least one session;CartFlows Funnel Builder;https://cookiedatabase.org/service/funnel-builder/
CMPRO;Casale Media;Marketing;with unknown functionality;3 months;Casale Media;https://cookiedatabase.org/service/casale_media/
CMSC;Casale Media;Unknown;with unknown functionality;at least one session;Casale Media;https://cookiedatabase.org/service/casale_media/
CMRUM3;Casale Media;Unknown;with unknown functionality;1 year;Casale Media;https://cookiedatabase.org/service/casale_media/
CMID;Casale Media;Marketing;with unknown functionality;1 year;Casale Media;https://cookiedatabase.org/service/casale_media/
CMDD;Casale Media;Unknown;with unknown functionality;1 day;Casale Media;https://cookiedatabase.org/service/casale_media/
c_cerber_*;Cerber Security & Anti-Spam;Functional;toprovide protection against hackers,provide technical functions.;1 day;"Cerber Security &amp; Anti-Spam";https://cookiedatabase.org/service/cerber-security-anti-spam/
cerber_groove;Cerber Security & Anti-Spam;Functional;toprovide protection against hackers,provide technical functions.;1 year;"Cerber Security &amp; Anti-Spam";https://cookiedatabase.org/service/cerber-security-anti-spam/
cerber_groove_x_*;Cerber Security & Anti-Spam;Functional;toprovide protection against hackers,provide technical functions.;2 weeks;"Cerber Security &amp; Anti-Spam";https://cookiedatabase.org/service/cerber-security-anti-spam/
cerber_groove_*;Cerber Security & Anti-Spam;Functional;toprovide fraud prevention,provide technical functions.;at least one session;"Cerber Security &amp; Anti-Spam";https://cookiedatabase.org/service/cerber-security-anti-spam/
_cb_svref;Chartbeat;Statistics;with unknown functionality;session;Chartbeat;https://cookiedatabase.org/service/chartbeat/
_chartbeat4_expires;Chartbeat;Statistics;with unknown functionality;13 months;Chartbeat;https://cookiedatabase.org/service/chartbeat/
_cb_svref_expires;Chartbeat;Statistics;with unknown functionality;session;Chartbeat;https://cookiedatabase.org/service/chartbeat/
_chartbeat2_expires;Chartbeat;Statistics;with unknown functionality;13 months;Chartbeat;https://cookiedatabase.org/service/chartbeat/
_chartbeat4;Chartbeat;Statistics;with unknown functionality;13 months;Chartbeat;https://cookiedatabase.org/service/chartbeat/
_chartbeat5_expires;Chartbeat;Statistics;with unknown functionality;13 months;Chartbeat;https://cookiedatabase.org/service/chartbeat/
_cb_expires;Chartbeat;Marketing,Statistics;with unknown functionality;13 months;Chartbeat;https://cookiedatabase.org/service/chartbeat/
Chatra.referrer;Chatra;Marketing;tostore referrer ID's.;at least one session;Chatra;https://cookiedatabase.org/service/chatra/
_chartbeat5;Chartbeat;Marketing,Statistics;with unknown functionality;1 year;Chartbeat;https://cookiedatabase.org/service/chartbeat/
Chatra.clientId;Chatra;Marketing;tostore a unique user ID.;persistent;Chatra;https://cookiedatabase.org/service/chatra/
Chatra.lastPageViewAt;Chatra;Marketing;tostore and count pageviews.;at least one session;Chatra;https://cookiedatabase.org/service/chatra/
Chatra.hostedItems;Chatra;Marketing;tostore browser details.;at least one session;Chatra;https://cookiedatabase.org/service/chatra/
CEOptGoogleFontsSettings;Cherry Framework;Unknown;with unknown functionality;at least one session;Cherry Framework;https://cookiedatabase.org/service/cherry-framework/
CECTAObjButtonIconLabel;Cherry Framework;Unknown;with unknown functionality;at least one session;Cherry Framework;https://cookiedatabase.org/service/cherry-framework/
CEPostsGridObjCustomTaxFieldLabel;Cherry Framework;Unknown;with unknown functionality;at least one session;Cherry Framework;https://cookiedatabase.org/service/cherry-framework/
CEwpShowPostCounts;Cherry Framework;Unknown;with unknown functionality;at least one session;Cherry Framework;https://cookiedatabase.org/service/cherry-framework/
CEwpCategories;Cherry Framework;Unknown;with unknown functionality;at least one session;Cherry Framework;https://cookiedatabase.org/service/cherry-framework/
CEMini;Cherry Framework;Unknown;with unknown functionality;at least one session;Cherry Framework;https://cookiedatabase.org/service/cherry-framework/
CEImageObjSrcLabel;Cherry Framework;Unknown;with unknown functionality;at least one session;Cherry Framework;https://cookiedatabase.org/service/cherry-framework/
CELicenseNotice;Cherry Framework;Unknown;with unknown functionality;at least one session;Cherry Framework;https://cookiedatabase.org/service/cherry-framework/
CEPostsGridObjNewerPosts;Cherry Framework;Unknown;with unknown functionality;at least one session;Cherry Framework;https://cookiedatabase.org/service/cherry-framework/
CEEditedPresetAlreadyDeletedError;Cherry Framework;Unknown;with unknown functionality;at least one session;Cherry Framework;https://cookiedatabase.org/service/cherry-framework/
cleverpush-topics-version;Cleverpush;Unknown;with unknown functionality;at least one session;Cleverpush;https://cookiedatabase.org/service/cleverpush/
cleverpush-visits;Cleverpush;Unknown;with unknown functionality;at least one session;Cleverpush;https://cookiedatabase.org/service/cleverpush/
cleverpush-subscription-id;Cleverpush;Unknown;with unknown functionality;at least one session;Cleverpush;https://cookiedatabase.org/service/cleverpush/
cleverpush-last-session;Cleverpush;Unknown;with unknown functionality;at least one session;Cleverpush;https://cookiedatabase.org/service/cleverpush/
cleverpush-last-sync;Cleverpush;Unknown;with unknown functionality;at least one session;Cleverpush;https://cookiedatabase.org/service/cleverpush/
cleverpush-last-worker-update;Cleverpush;Unknown;with unknown functionality;at least one session;Cleverpush;https://cookiedatabase.org/service/cleverpush/
cleverpush-last-worker-version;Cleverpush;Unknown;with unknown functionality;at least one session;Cleverpush;https://cookiedatabase.org/service/cleverpush/
cleverpush-subscription-status;Cleverpush;Unknown;with unknown functionality;at least one session;Cleverpush;https://cookiedatabase.org/service/cleverpush/
cleverpush-alert-shown;Cleverpush;Unknown;with unknown functionality;at least one session;Cleverpush;https://cookiedatabase.org/service/cleverpush/
cleverpush-session-counted;Cleverpush;Unknown;with unknown functionality;at least one session;Cleverpush;https://cookiedatabase.org/service/cleverpush/
_first_pageview;Clicky;Statistics;tostore which page was visited first.;session;Clicky;https://cookiedatabase.org/service/clicky/
_jsuid;Clicky;Statistics;tostore first visit to the site.;session;Clicky;https://cookiedatabase.org/service/clicky/
ct_mouse_moved;CleanTalk Spam Protect;Functional;tostore dynamic variables from the browser.;session;CleanTalk Spam Protect;https://cookiedatabase.org/service/cleantalk-spam-protect/
ct_has_scrolled;CleanTalk Spam Protect;Functional;tostore dynamic variables from the browser.;session;CleanTalk Spam Protect;https://cookiedatabase.org/service/cleantalk-spam-protect/
ct_screen_info;CleanTalk Spam Protect;Functional;tostore dynamic variables from the browser.;session;CleanTalk Spam Protect;https://cookiedatabase.org/service/cleantalk-spam-protect/
ct_checked_emails;CleanTalk Spam Protect;Unknown;with unknown functionality;session;CleanTalk Spam Protect;https://cookiedatabase.org/service/cleantalk-spam-protect/
apbct_*;CleanTalk Spam Protect;Unknown;with unknown functionality;at least one session;CleanTalk Spam Protect;https://cookiedatabase.org/service/cleantalk-spam-protect/
abpct_hyro_acc_collect;CleanTalk Spam Protect;Unknown;with unknown functionality;session;CleanTalk Spam Protect;https://cookiedatabase.org/service/cleantalk-spam-protect/
apbct_cookies_test;CleanTalk Spam Protect;Functional;toread if cookies can be placed.;session;CleanTalk Spam Protect;https://cookiedatabase.org/service/cleantalk-spam-protect/
apbct_page_hits;CleanTalk Spam Protect;Functional;with unknown functionality;session;CleanTalk Spam Protect;https://cookiedatabase.org/service/cleantalk-spam-protect/
apbct_timestamp;CleanTalk Spam Protect;Functional;with unknown functionality;session;CleanTalk Spam Protect;https://cookiedatabase.org/service/cleantalk-spam-protect/
apbct_prev_referer;CleanTalk Spam Protect;Functional;tostore referrer ID's.;session;CleanTalk Spam Protect;https://cookiedatabase.org/service/cleantalk-spam-protect/
__cfruid;CloudFlare;Functional;with unknown functionality;session;CloudFlare;https://cookiedatabase.org/service/cloudflare/
__cf_bm;CloudFlare;Functional;toread and filter requests from bots.;30 minutes;CloudFlare;https://cookiedatabase.org/service/cloudflare/
mirage_cache_manifest;CloudFlare;Functional;with unknown functionality;persistent;CloudFlare;https://cookiedatabase.org/service/cloudflare/
mirage_network_connection;CloudFlare;Functional;with unknown functionality;persistent;CloudFlare;https://cookiedatabase.org/service/cloudflare/
cf_use_ob;CloudFlare;Functional;toprovide technical functions.;1 minute;CloudFlare;https://cookiedatabase.org/service/cloudflare/
cf_ob_info;CloudFlare;Functional;with unknown functionality;at least one session;CloudFlare;https://cookiedatabase.org/service/cloudflare/
cf_*_id;CloudFlare;Functional;with unknown functionality;at least one session;CloudFlare;https://cookiedatabase.org/service/cloudflare/
_sm_au_c;CloudFlare;Unknown;with unknown functionality;at least one session;CloudFlare;https://cookiedatabase.org/service/cloudflare/
__cfduid;CloudFlare;Functional;toprovide the identification of trusted web traffic.;30 days;CloudFlare;https://cookiedatabase.org/service/cloudflare/
iide_remember_me;Cobaltapps;Unknown;with unknown functionality;at least one session;Cobaltapps;https://cookiedatabase.org/service/cobaltapps/
iide_console_state;Cobaltapps;Unknown;with unknown functionality;at least one session;Cobaltapps;https://cookiedatabase.org/service/cobaltapps/
iide_monaco_editor_theme;Cobaltapps;Unknown;with unknown functionality;at least one session;Cobaltapps;https://cookiedatabase.org/service/cobaltapps/
iide_selected_file_parent_dir;Cobaltapps;Unknown;with unknown functionality;at least one session;Cobaltapps;https://cookiedatabase.org/service/cobaltapps/
iide_selected_folder_id;Cobaltapps;Unknown;with unknown functionality;at least one session;Cobaltapps;https://cookiedatabase.org/service/cobaltapps/
iide_site_preview_url;Cobaltapps;Unknown;with unknown functionality;at least one session;Cobaltapps;https://cookiedatabase.org/service/cobaltapps/
iide_dev_path;Cobaltapps;Unknown;with unknown functionality;at least one session;Cobaltapps;https://cookiedatabase.org/service/cobaltapps/
iide_copy_file_folder_source;Cobaltapps;Unknown;with unknown functionality;at least one session;Cobaltapps;https://cookiedatabase.org/service/cobaltapps/
iide_theme;Cobaltapps;Unknown;with unknown functionality;at least one session;Cobaltapps;https://cookiedatabase.org/service/cobaltapps/
iide_selected_file_dblclicked;Cobaltapps;Unknown;with unknown functionality;at least one session;Cobaltapps;https://cookiedatabase.org/service/cobaltapps/
ci_session;CodeIgniter;Functional;tostore a unique session ID.;session;CodeIgniter;https://cookiedatabase.org/service/codeigniter/
s1;Comscore;Marketing;with unknown functionality;5 years;Comscore;https://cookiedatabase.org/service/comscore/
cmplz_ac_string;Complianz;Functional;tostore cookie consent preferences.;persistent;Complianz;https://cookiedatabase.org/service/complianz/
cmplzBannerPreviewConsentType;Complianz;Functional;with unknown functionality;at least one session;Complianz;https://cookiedatabase.org/service/complianz/
cmplz_rt_rlx;Complianz;Marketing;with unknown functionality;at least one session;Complianz;https://cookiedatabase.org/service/complianz/
cmplz_undefined;Complianz;Unknown;with unknown functionality;at least one session;Complianz;https://cookiedatabase.org/service/complianz/
cmplz_rt_saved_categories;Complianz;Functional;tostore cookie consent preferences.;1 year;Complianz;https://cookiedatabase.org/service/complianz/
cmplz_rt_saved_services;Complianz;Functional;tostore cookie consent preferences.;1 year;Complianz;https://cookiedatabase.org/service/complianz/
cmplz_rt_banner-status;Complianz;Functional;tostore if the cookie banner has been dismissed.;1 year;Complianz;https://cookiedatabase.org/service/complianz/
cmplz_rt_consented_services;Complianz;Functional;tostore cookie consent preferences.;1 year;Complianz;https://cookiedatabase.org/service/complianz/
cmplz_cookie_data;Complianz;Functional;tostore information about cookies that have been detected on the site.;persistent;Complianz;https://cookiedatabase.org/service/complianz/
cmplz_consented_services;Complianz;Functional;tostore cookie consent preferences.;1 year;Complianz;https://cookiedatabase.org/service/complianz/
cf7msm_check;Contact Form 7;Unknown;with unknown functionality;session;Contact Form 7;https://cookiedatabase.org/service/contact-form-7/
_cs_rl;ContentSquare;Functional;toprovide functions for integration.;1 year;ContentSquare;https://cookiedatabase.org/service/contentsquare/
_CS_SAME_SITE;ContentSquare;Functional;toprovide technical functions.;expires immediately;ContentSquare;https://cookiedatabase.org/service/contentsquare/
_cs_t;ContentSquare;Functional;toread if cookies can be placed.;expires immediately;ContentSquare;https://cookiedatabase.org/service/contentsquare/
_cs_s;ContentSquare;Statistics;tostore and count pageviews.;30 minutes;ContentSquare;https://cookiedatabase.org/service/contentsquare/
_cs_id;ContentSquare;Marketing;tostore a unique user ID.;13 months;ContentSquare;https://cookiedatabase.org/service/contentsquare/
_cs_c;ContentSquare;Functional;tostore cookie consent preferences.;13 months;ContentSquare;https://cookiedatabase.org/service/contentsquare/
_cs_mk_ga;ContentSquare;Functional;toprovide functions for integration.;30 minutes;ContentSquare;https://cookiedatabase.org/service/contentsquare/
_cs_mk_aa;ContentSquare;Functional;toprovide functions for integration.;30 minutes;ContentSquare;https://cookiedatabase.org/service/contentsquare/
cbox_first_page_popup_was_closed;ConvertBox;Functional;tostore if a message has been dismissed.;session;ConvertBox;https://cookiedatabase.org/service/convertbox/
cbox_second_page_popup_was_closed;ConvertBox;Functional;tostore if a message has been dismissed.;session;ConvertBox;https://cookiedatabase.org/service/convertbox/
cbox_condition_popup_status;ConvertBox;Unknown;with unknown functionality;session;ConvertBox;https://cookiedatabase.org/service/convertbox/
cbox_new_visitor;ConvertBox;Unknown;tostore time of visit.;session;ConvertBox;https://cookiedatabase.org/service/convertbox/
cbox_last_user_check;ConvertBox;Marketing;with unknown functionality;persistent;ConvertBox;https://cookiedatabase.org/service/convertbox/
cp-impression-added-forcp_id_*;ConvertPlus;Functional;tostore if a message has been dismissed.;30 days;ConvertPlus;https://cookiedatabase.org/service/convertplus/
CookieConsent;CookieBot;Functional;tostore cookie consent preferences.;1 year;CookieBot;https://cookiedatabase.org/service/cookiebot/
cp_id_*;ConvertPlus;Marketing;tostore a unique user ID.;1 day;ConvertPlus;https://cookiedatabase.org/service/convertplus/
cookie_notice_accepted;Cookie Notice for GDPR;Functional;toread if cookies can be placed.;persistent;Cookie Notice for GDPR;https://cookiedatabase.org/service/cookie-notice-for-gdpr/
cdp-cookies-plugin-wp;Cookie Notice for GDPR;Functional;tostore cookie consent preferences.;1 year;Cookie Notice for GDPR;https://cookiedatabase.org/service/cookie-notice-for-gdpr/
cookiehub;Cookiehub;Functional;tostore cookie consent preferences.;at least one session;Cookiehub;https://cookiedatabase.org/service/cookiehub/
coveo_visitorId;Coveo;Marketing;tostore a unique user ID.;1 year;Coveo;https://cookiedatabase.org/service/coveo/
cer.v;Crazy Egg;Statistics;toprovide fraud prevention.;30 days;Crazy Egg;https://cookiedatabase.org/service/crazy-egg/
ce_diff_time;Crazy Egg;Unknown;with unknown functionality;session;Crazy Egg;https://cookiedatabase.org/service/crazy-egg/
cer.s;Crazy Egg;Unknown;with unknown functionality;at least one session;Crazy Egg;https://cookiedatabase.org/service/crazy-egg/
u;Crazy Egg;Marketing;with unknown functionality;3 months;Crazy Egg;https://cookiedatabase.org/service/crazy-egg/
s;Crazy Egg;Marketing;with unknown functionality;3 months;Crazy Egg;https://cookiedatabase.org/service/crazy-egg/
_ceg.u;Crazy Egg;Marketing;with unknown functionality;3 months;Crazy Egg;https://cookiedatabase.org/service/crazy-egg/
_CEFT;Crazy Egg;Unknown;with unknown functionality;1 year;Crazy Egg;https://cookiedatabase.org/service/crazy-egg/
is_returning;Crazy Egg;Unknown;with unknown functionality;5 years;Crazy Egg;https://cookiedatabase.org/service/crazy-egg/
sharing_*;Crazy Egg;Unknown;with unknown functionality;30 minutes;Crazy Egg;https://cookiedatabase.org/service/crazy-egg/
referrer-tracked;Crazy Egg;Unknown;with unknown functionality;session;Crazy Egg;https://cookiedatabase.org/service/crazy-egg/
timezone;cpanel;Functional;toprovide timezone.;session;cpanel;https://cookiedatabase.org/service/cpanel/
cpsession;cpanel;Functional;with unknown functionality;session;cpanel;https://cookiedatabase.org/service/cpanel/
webmailsession;cpanel;Functional;toprovide the identification of trusted web traffic.;session;cpanel;https://cookiedatabase.org/service/cpanel/
criteo_pt_cdb_bidcachemap;Criteo;Marketing;with unknown functionality;persistent;Criteo;https://cookiedatabase.org/service/criteo/
criteo_fast_bid_standalone_expires;Criteo;Unknown;with unknown functionality;at least one session;Criteo;https://cookiedatabase.org/service/criteo/
criteo_fast_bid_standalone;Criteo;Unknown;with unknown functionality;at least one session;Criteo;https://cookiedatabase.org/service/criteo/
criteo_pt_cdb_mngr_metrics;Criteo;Unknown;with unknown functionality;at least one session;Criteo;https://cookiedatabase.org/service/criteo/
criteo_silent_mode_expires;Criteo;Unknown;with unknown functionality;at least one session;Criteo;https://cookiedatabase.org/service/criteo/
criteo_silent_mode;Criteo;Unknown;with unknown functionality;at least one session;Criteo;https://cookiedatabase.org/service/criteo/
cto_bundle;Criteo;Marketing;toprovide functions across pages.;13 months;Criteo;https://cookiedatabase.org/service/criteo/
cto_lwid;Criteo;Functional;toprovide admin functions.;13 months;Criteo;https://cookiedatabase.org/service/criteo/
criteo_pt_cdb_bidcache_*;Criteo;Marketing;tostore and track visits across websites.;persistent;Criteo;https://cookiedatabase.org/service/criteo/
crisp-clientsocket*;Crisp Live Chat;Functional;tostore the status of the chat.;6 months;Crisp Live Chat;https://cookiedatabase.org/service/crisp-live-chat/
criteo_pt_cdb_metrics;Criteo;Unknown;with unknown functionality;at least one session;Criteo;https://cookiedatabase.org/service/criteo/
CSSHERO-CODE-EDITOR-FONT-SIZE;CssHero;Unknown;with unknown functionality;at least one session;CssHero;https://cookiedatabase.org/service/csshero/
csshero-donovan-child-skin-count;CssHero;Unknown;with unknown functionality;at least one session;CssHero;https://cookiedatabase.org/service/csshero/
CSSHERO-INSPECTOR-POSITION;CssHero;Unknown;with unknown functionality;at least one session;CssHero;https://cookiedatabase.org/service/csshero/
CSSHEROSAVE-INTERFACE-POSITION;CssHero;Unknown;with unknown functionality;at least one session;CssHero;https://cookiedatabase.org/service/csshero/
CSSHEROSAVE-SHOW-ADVANCED-PROPS;CssHero;Unknown;with unknown functionality;at least one session;CssHero;https://cookiedatabase.org/service/csshero/
CSSHERO-OVERVIEW-VIEW;CssHero;Unknown;with unknown functionality;at least one session;CssHero;https://cookiedatabase.org/service/csshero/
csshero-nbb-skin-count;CssHero;Unknown;with unknown functionality;at least one session;CssHero;https://cookiedatabase.org/service/csshero/
csshero-generatepress-skin-count;CssHero;Unknown;with unknown functionality;at least one session;CssHero;https://cookiedatabase.org/service/csshero/
csshero-voor-elkaar-skin-count;CssHero;Unknown;with unknown functionality;at least one session;CssHero;https://cookiedatabase.org/service/csshero/
CSSHERO-HIDES-INSPECTOR-HINTS;CssHero;Unknown;with unknown functionality;at least one session;CssHero;https://cookiedatabase.org/service/csshero/
bulkSecret;Custom Field Bulk Editor;Functional;toprovide admin functions.;various;Custom Field Bulk Editor;https://cookiedatabase.org/service/custom-field-bulk-editor/
bulkTime;Custom Field Bulk Editor;Functional;toprovide admin functions.;persistent;Custom Field Bulk Editor;https://cookiedatabase.org/service/custom-field-bulk-editor/
customify_wc_pl_view_mod;Customify;Functional;toprovide functions across pages.;1 year;Customify;https://cookiedatabase.org/service/customify/
bulkPage;Custom Field Bulk Editor;Functional;toprovide admin functions.;persistent;Custom Field Bulk Editor;https://cookiedatabase.org/service/custom-field-bulk-editor/
cX_T;cxense;Functional;toprovide technical monitoring.;expires immediately;cxense;https://cookiedatabase.org/service/cxense/
cstp;cxense;Marketing;toprovide ad delivery or retargeting.;various;cxense;https://cookiedatabase.org/service/cxense/
cX_S;cxense;Marketing;tostore and track a visitor's identity.;session;cxense;https://cookiedatabase.org/service/cxense/
cX_G;cxense;Marketing;tostore a unique user ID.;1 year;cxense;https://cookiedatabase.org/service/cxense/
dm-euconsent-v2;Dailymotion;Functional;tostore cookie consent preferences.;6 months;Dailymotion;https://cookiedatabase.org/service/dailymotion/
damd;Dailymotion;Marketing;toprovide ad delivery or retargeting.;1 year;Dailymotion;https://cookiedatabase.org/service/dailymotion/
cX_P;cxense;Marketing;tostore the user's usage history.;1 year;cxense;https://cookiedatabase.org/service/cxense/
client_token;Dailymotion;Functional;toprovide functions across pages.;12 hours;Dailymotion;https://cookiedatabase.org/service/dailymotion/
ts;Dailymotion;Functional;toprovide load balancing functionality.;13 months;Dailymotion;https://cookiedatabase.org/service/dailymotion/
hist;Dailymotion;Functional;tostore the user's usage history.;13 months;Dailymotion;https://cookiedatabase.org/service/dailymotion/
dmvk;Dailymotion;Functional;tostore performed actions on the website.;session;Dailymotion;https://cookiedatabase.org/service/dailymotion/
v1st;Dailymotion;Marketing;tostore a unique user ID.;13 months;Dailymotion;https://cookiedatabase.org/service/dailymotion/
dextp;Demdex;Unknown;with unknown functionality;at least one session;Demdex;https://cookiedatabase.org/service/demdex/
demPoll_*;Democracy Poll;Preferences;tostore performed actions on the website.;1 year;Democracy Poll;https://cookiedatabase.org/service/democracy-poll/
dwqa_anonymous;DesignWall;Unknown;with unknown functionality;at least one session;DesignWall;https://cookiedatabase.org/service/designwall/
disqusauth;Disqus;Unknown;with unknown functionality;at least one session;Disqus;https://cookiedatabase.org/service/disqus/
drts-entity-view-list-layout-*;Directories Pro;Functional;tostore and read layout.;session;Directories Pro;https://cookiedatabase.org/service/directoriespro/
drts-voting-bookmark-post;Directories Pro;Functional;toprovide persistent item display functionality.;100 days;Directories Pro;https://cookiedatabase.org/service/directoriespro/
disqusauths;Disqus;Unknown;with unknown functionality;at least one session;Disqus;https://cookiedatabase.org/service/disqus/
et-cloud.sortMethod;Divi (Elegant Themes);Unknown;with unknown functionality;at least one session;Divi (Elegant Themes);https://cookiedatabase.org/service/divi-elegant-themes/
et-cloud.viewMode;Divi (Elegant Themes);Unknown;with unknown functionality;at least one session;Divi (Elegant Themes);https://cookiedatabase.org/service/divi-elegant-themes/
_et_*;Divi (Elegant Themes);Unknown;with unknown functionality;at least one session;Divi (Elegant Themes);https://cookiedatabase.org/service/divi-elegant-themes/
et_*;Divi (Elegant Themes);Functional;toprovide admin functions.;various;Divi (Elegant Themes);https://cookiedatabase.org/service/divi-elegant-themes/
et-support-center-safe-mode;Divi (Elegant Themes);Unknown;with unknown functionality;at least one session;Divi (Elegant Themes);https://cookiedatabase.org/service/divi-elegant-themes/
et-pb-recent-items-font_family;Divi (Elegant Themes);Functional;toprovide functions across pages.;persistent;Divi (Elegant Themes);https://cookiedatabase.org/service/divi-elegant-themes/
et-recommend-sync-post-*;Divi (Elegant Themes);Unknown;with unknown functionality;at least one session;Divi (Elegant Themes);https://cookiedatabase.org/service/divi-elegant-themes/
et-saving-post-*;Divi (Elegant Themes);Unknown;with unknown functionality;at least one session;Divi (Elegant Themes);https://cookiedatabase.org/service/divi-elegant-themes/
et-pb-recent-items-colors;Divi (Elegant Themes);Functional;toprovide functions across pages.;persistent;Divi (Elegant Themes);https://cookiedatabase.org/service/divi-elegant-themes/
et-reloaded-post-*;Divi (Elegant Themes);Unknown;with unknown functionality;at least one session;Divi (Elegant Themes);https://cookiedatabase.org/service/divi-elegant-themes/
Drift.Targeting.currentReferrerDomain;Drift;Unknown;with unknown functionality;at least one session;Drift;https://cookiedatabase.org/service/drift/
Drift.Targeting.lastTargetingEvalUUID;Drift;Unknown;with unknown functionality;at least one session;Drift;https://cookiedatabase.org/service/drift/
Drift.Targeting.referrerDomain;Drift;Marketing;tostore referrer ID's.;persistent;Drift;https://cookiedatabase.org/service/drift/
Drift.Targeting.searchTerm;Drift;Marketing;tostore used keyword and search engine.;persistent;Drift;https://cookiedatabase.org/service/drift/
Drift.Targeting.currentReferrer;Drift;Marketing;tostore referrer ID's.;persistent;Drift;https://cookiedatabase.org/service/drift/
Drift.Targeting.previousPage;Drift;Marketing;tostore and count pageviews.;persistent;Drift;https://cookiedatabase.org/service/drift/
Drift.Targeting.originalReferrer;Drift;Marketing;tostore referrer ID's.;persistent;Drift;https://cookiedatabase.org/service/drift/
Drift.Targeting.previousSessionEndedAt;Drift;Marketing;tostore time of visit.;persistent;Drift;https://cookiedatabase.org/service/drift/
Drift.Targeting.previousSessionStartedAt;Drift;Marketing;tostore time of visit.;persistent;Drift;https://cookiedatabase.org/service/drift/
_drip_client_*;Drip;Unknown;with unknown functionality;at least one session;Drip;https://cookiedatabase.org/service/drip/
Drift.Targeting.activeSessionStartedAt;Drift;Marketing;tostore time of visit.;persistent;Drift;https://cookiedatabase.org/service/drift/
SSESS*;Drupal CMS;Functional;toprovide a responsive website.;1 month;Drupal CMS;https://cookiedatabase.org/service/drupal-cms/
duo_secure_wordpress_auth_cookie;Duo Two-Factor Authentication;Functional;with unknown functionality;at least one session;Duo Two-Factor Authentication;https://cookiedatabase.org/service/duo-two-factor-authentication/
duo_wordpress_auth_cookie;Duo Two-Factor Authentication;Unknown;with unknown functionality;at least one session;Duo Two-Factor Authentication;https://cookiedatabase.org/service/duo-two-factor-authentication/
dsgvoaio_respondall;DSGVO for WP;Unknown;with unknown functionality;at least one session;DSGVO for WP;https://cookiedatabase.org/service/dsgvo-for-wp/
dsgvoaio;DSGVO for WP;Functional;tostore privacy preferences.;persistent;DSGVO for WP;https://cookiedatabase.org/service/dsgvo-for-wp/
dsgvoaio_create;DSGVO for WP;Functional;tostore time of visit.;persistent;DSGVO for WP;https://cookiedatabase.org/service/dsgvo-for-wp/
DYAMAR_POLL_*_VOTED;Dyamar Polls;Functional;tostore performed actions on the website.;at least one session;Dyamar Polls;https://cookiedatabase.org/service/dyamar-polls/
edd_items_in_cart;Easy Digital Downloads;Functional;tostore items in shopping cart.;30 minutes;Easy Digital Downloads;https://cookiedatabase.org/service/easy-digital-downloads/
ecwid_event_is_working_beforeunload;Ecwid;Unknown;with unknown functionality;at least one session;Ecwid;https://cookiedatabase.org/service/ecwid/
ecwid_is_safari;Ecwid;Functional;tostore browser details.;at least one session;Ecwid;https://cookiedatabase.org/service/ecwid/
PSecwid__document__referrerPSreferrer;Ecwid;Unknown;with unknown functionality;at least one session;Ecwid;https://cookiedatabase.org/service/ecwid/
PSecwid__document__referrerPSexpire;Ecwid;Unknown;with unknown functionality;at least one session;Ecwid;https://cookiedatabase.org/service/ecwid/
PSecwid__shopping__cart__controller__storagePSlastPlace;Ecwid;Unknown;with unknown functionality;at least one session;Ecwid;https://cookiedatabase.org/service/ecwid/
PSecwid__document__referrerPScheck;Ecwid;Unknown;with unknown functionality;at least one session;Ecwid;https://cookiedatabase.org/service/ecwid/
PSecwid__shopping__cart__controller__storagePScheck;Ecwid;Unknown;with unknown functionality;at least one session;Ecwid;https://cookiedatabase.org/service/ecwid/
PSecwid__custom__tracking__code__idPScheck;Ecwid;Unknown;with unknown functionality;at least one session;Ecwid;https://cookiedatabase.org/service/ecwid/
PSecwid__customer__sessionPScheck;Ecwid;Unknown;with unknown functionality;at least one session;Ecwid;https://cookiedatabase.org/service/ecwid/
PSecwid__*__emailPScheck;Ecwid;Unknown;with unknown functionality;at least one session;Ecwid;https://cookiedatabase.org/service/ecwid/
esaf_click;EasyAffiliate;Statistics (anonymous);tostore referrer ID's.;3 months;EasyAffiliate;https://cookiedatabase.org/service/easyaffiliate/
eapps-instagram-feed-popup-scroll-indicator-already-shown;Elfsight;Unknown;with unknown functionality;at least one session;Elfsight;https://cookiedatabase.org/service/elfsight/
eapps-instagram-feed-red-like-time;Elfsight;Unknown;with unknown functionality;persistent;Elfsight;https://cookiedatabase.org/service/elfsight/
e_document/global;Elementor;Functional;toprovide admin functions.;various;Elementor;https://cookiedatabase.org/service/elementor/
e_site-editor;Elementor;Functional,Preferences;toprovide admin functions,store configuration.;session;Elementor;https://cookiedatabase.org/service/elementor/
e_globals;Elementor;Functional,Preferences;toprovide functions across pages,store configuration.;session;Elementor;https://cookiedatabase.org/service/elementor/
elementor_split_test_client_id;Elementor;Functional,Statistics (anonymous);toprovide functions across pages,store a unique user ID.;persistent;Elementor;https://cookiedatabase.org/service/elementor/
lepelementor_license_cookie;Elementor;Functional;toprovide functions across pages,store account details.;1 week;Elementor;https://cookiedatabase.org/service/elementor/
*-evergreen_interval;Elementor;Functional;toprovide a responsive website.;various;Elementor;https://cookiedatabase.org/service/elementor/
elementor-panel-pos-left;Elementor;Functional;toprovide functions across pages.;at least one session;Elementor;https://cookiedatabase.org/service/elementor/
*-evergreen_due_date;Elementor;Functional;toprovide a responsive website.;various;Elementor;https://cookiedatabase.org/service/elementor/
elementor-panel-pos-top;Elementor;Functional;toprovide functions across pages.;at least one session;Elementor;https://cookiedatabase.org/service/elementor/
elementor;Elementor;Statistics (anonymous);tostore performed actions on the website.;persistent;Elementor;https://cookiedatabase.org/service/elementor/
aviaPrivacyEssentialCookiesEnabled;Enfold;Functional;tostore cookie consent preferences.;1 year;Enfold;https://cookiedatabase.org/service/enfold/
event-tickets-tpp-invoice;Event Tickets;Functional;toprovide functions across pages.;various;Event Tickets;https://cookiedatabase.org/service/event-tickets/
eucookielaw;EU Cookie Law;Unknown;with unknown functionality;at least one session;EU Cookie Law;https://cookiedatabase.org/service/eu_cookie_law/
avia_post_0_*;Enfold;Functional;toprovide a responsive website.;session;Enfold;https://cookiedatabase.org/service/enfold/
everest_g_v2;Everest Themes;Marketing;toStore and track interaction.;2 years;Everest Themes;https://cookiedatabase.org/service/everest_tech/
ev_sync_dd;Everest Themes;Unknown;with unknown functionality;at least one session;Everest Themes;https://cookiedatabase.org/service/everest_tech/
everest_session_v2;Everest Themes;Unknown;with unknown functionality;at least one session;Everest Themes;https://cookiedatabase.org/service/everest_tech/
Exitbee_allowed_campaigns_on_pages_visited;Exitbee;Unknown;with unknown functionality;2 years;Exitbee;https://cookiedatabase.org/service/exitbee/
Exitbee_lifetimeCampaigns;Exitbee;Unknown;with unknown functionality;at least one session;Exitbee;https://cookiedatabase.org/service/exitbee/
Exitbee_ec_history;Exitbee;Unknown;with unknown functionality;at least one session;Exitbee;https://cookiedatabase.org/service/exitbee/
Exitbee_hasBlocker;Exitbee;Unknown;with unknown functionality;2 years;Exitbee;https://cookiedatabase.org/service/exitbee/
Exitbee_sessionCampaigns;Exitbee;Unknown;with unknown functionality;2 years;Exitbee;https://cookiedatabase.org/service/exitbee/
Exitbee_vid;Exitbee;Unknown;with unknown functionality;2 years;Exitbee;https://cookiedatabase.org/service/exitbee/
Exitbee_nrPagesVisited;Exitbee;Unknown;with unknown functionality;2 years;Exitbee;https://cookiedatabase.org/service/exitbee/
Exitbee_source;Exitbee;Unknown;with unknown functionality;2 years;Exitbee;https://cookiedatabase.org/service/exitbee/
Exitbee_viewedCampaigns;Exitbee;Unknown;with unknown functionality;at least one session;Exitbee;https://cookiedatabase.org/service/exitbee/
ezpicker_force_placements;Ezoic;Unknown;toprovide ad delivery or retargeting.;at least one session;Ezoic;https://cookiedatabase.org/service/ezoic/
Exitbee_viewedOnCampaigns;Exitbee;Unknown;with unknown functionality;at least one session;Exitbee;https://cookiedatabase.org/service/exitbee/
extendify-*;Extendify;Functional;toprovide functions across pages.;session;Extendify;https://cookiedatabase.org/service/extendify/
__fb_chat_plugin;Facebook;Marketing;toStore and track interaction.;persistent;Facebook;https://cookiedatabase.org/service/facebook/
_js_datr;Facebook;Preferences;tostore user preferences.;2 years;Facebook;https://cookiedatabase.org/service/facebook/
_fbc;Facebook;Marketing;tostore last visit.;2 years;Facebook;https://cookiedatabase.org/service/facebook/
fbm*;Facebook;Marketing;tostore account details.;1 year;Facebook;https://cookiedatabase.org/service/facebook/
xs;Facebook;Marketing;tostore a unique session ID.;3 months;Facebook;https://cookiedatabase.org/service/facebook/
wd;Facebook;Functional;toread screen resolution.;1 week;Facebook;https://cookiedatabase.org/service/facebook/
fr;Facebook;Marketing;toprovide ad delivery or retargeting.;3 months;Facebook;https://cookiedatabase.org/service/facebook/
act;Facebook;Marketing;toStore logged in users.;90 days;Facebook;https://cookiedatabase.org/service/facebook/
datr;Facebook;Marketing;toprovide fraud prevention.;2 years;Facebook;https://cookiedatabase.org/service/facebook/
_fbp;Facebook;Marketing;tostore and track visits across websites.;3 months;Facebook;https://cookiedatabase.org/service/facebook/
festi_cart_for_woocommerce_storage;Festi-Team;Unknown;with unknown functionality;at least one session;Festi-Team;https://cookiedatabase.org/service/festi-team/
fpd-storage;Fancy Product Designer;Functional;tostore configuration.;session;Fancy Product Designer;https://cookiedatabase.org/service/fancy-product-designer/
/wp-admin/admin.php*;File Manager Advanced;Functional;toprovide admin functions.;persistent;File Manager Advanced;https://cookiedatabase.org/service/file-manager-advanced/
fbv_close_buy_pro_dialog;FileBird;Functional;toprovide functions across pages.;at least one session;FileBird;https://cookiedatabase.org/service/filebird/
fbv_selected;FileBird;Functional;with unknown functionality;persistent;FileBird;https://cookiedatabase.org/service/filebird/
fbv_tree;FileBird;Functional;tostore the state of the tree view.;persistent;FileBird;https://cookiedatabase.org/service/filebird/
firebase:previous_websocket_failure;Firebase;Unknown;with unknown functionality;at least one session;Firebase;https://cookiedatabase.org/service/firebase/
firebase:host:*.firebaseio.com;Firebase;Unknown;with unknown functionality;at least one session;Firebase;https://cookiedatabase.org/service/firebase/
firebase:authUser:*;Firebase;Unknown;with unknown functionality;at least one session;Firebase;https://cookiedatabase.org/service/firebase/
ff_news_session;Flow-Flow Social Stream;Unknown;with unknown functionality;session;Flow-Flow Social Stream;https://cookiedatabase.org/service/flow-flow-social-stream/
Fomo.snv-*;Fomo for WooCommerce;Unknown;with unknown functionality;at least one session;Fomo for WooCommerce;https://cookiedatabase.org/service/fomo/
fm_cookie_*;Form maker by 10web;Functional;tostore if a message has been dismissed.;1 day;Form maker by 10web;https://cookiedatabase.org/service/formmaker10web/
flp_checksum;Fraudlabs Pro;Functional;toprovide the identification of trusted web traffic.;1 year;Fraudlabs Pro;https://cookiedatabase.org/service/fraudlabs/
f2b_search_cal_cp_period;Freetobook;Unknown;with unknown functionality;session;Freetobook;https://cookiedatabase.org/service/freetobook/
ftb_review_data_*;Freetobook;Unknown;with unknown functionality;at least one session;Freetobook;https://cookiedatabase.org/service/freetobook/
ftb_review_data_*_expiry;Freetobook;Unknown;with unknown functionality;at least one session;Freetobook;https://cookiedatabase.org/service/freetobook/
fusionredux_current_tab;Fusion Theme;Functional;tostore and track if the browser tab is active.;expires immediately;Fusion Theme;https://cookiedatabase.org/service/fusion-theme/
f2b_search_cal_cp_date;Freetobook;Unknown;with unknown functionality;session;Freetobook;https://cookiedatabase.org/service/freetobook/
fusionPanel;Fusion Theme;Functional;with unknown functionality;session;Fusion Theme;https://cookiedatabase.org/service/fusion-theme/
fusion_metabox_tab_*;Fusion Theme;Unknown;with unknown functionality;at least one session;Fusion Theme;https://cookiedatabase.org/service/fusion-theme/
fs_session_id;FullStory;Marketing;tostore a unique session ID.;1 year;FullStory;https://cookiedatabase.org/service/fullstory/
fs_uid;FullStory;Unknown;with unknown functionality;at least one session;FullStory;https://cookiedatabase.org/service/fullstory/
flowplayerTestStorage;FV Player;Unknown;with unknown functionality;persistent;FV Player;https://cookiedatabase.org/service/fvplayer/
gdpr;GDPR Cookie Compliance;Unknown;with unknown functionality;at least one session;GDPR Cookie Compliance;https://cookiedatabase.org/service/gdpr-cookie-compliance/
moove_gdpr_popup;GDPR Cookie Compliance;Functional;tostore cookie consent preferences.;session;GDPR Cookie Compliance;https://cookiedatabase.org/service/gdpr-cookie-compliance/
catAccCookies;GDPR Cookie Consent Banner;Functional;tostore cookie consent preferences.;30 days;GDPR Cookie Consent Banner;https://cookiedatabase.org/service/gdpr-cookie-consent-banner/
ct-ultimate-gdpr-cookie;GDPR Cookie Consent;Functional;tostore cookie consent preferences.;1 year;GDPR Cookie Consent;https://cookiedatabase.org/service/gdpr-cookie-consent/
gdpr[allowed_cookies;GDPR Cookie Consent;Unknown;with unknown functionality;1 year , persistent;GDPR Cookie Consent;https://cookiedatabase.org/service/gdpr-cookie-consent/
gdpr[consent_types;GDPR Cookie Consent;Unknown;with unknown functionality;1 year , persistent;GDPR Cookie Consent;https://cookiedatabase.org/service/gdpr-cookie-consent/
gdpr[privacy_bar;GDPR Cookie Consent;Unknown;with unknown functionality;1 year , persistent;GDPR Cookie Consent;https://cookiedatabase.org/service/gdpr-cookie-consent/
gdpr[consent_types];GDPR Cookie Consent;Unknown;with unknown functionality;at least one session;GDPR Cookie Consent;https://cookiedatabase.org/service/gdpr-cookie-consent/
gdpr[privacy_bar];GDPR Cookie Consent;Unknown;with unknown functionality;at least one session;GDPR Cookie Consent;https://cookiedatabase.org/service/gdpr-cookie-consent/
gdpr[allowed_cookies];GDPR Cookie Consent;Functional;tostore cookie consent preferences.;at least one session;GDPR Cookie Consent;https://cookiedatabase.org/service/gdpr-cookie-consent/
viewed_cookie_policy;GDPR Cookie Consent;Functional;tostore if a message has been shown.;persistent;GDPR Cookie Consent;https://cookiedatabase.org/service/gdpr-cookie-consent/
gd_recently_viewed;GeoDirectory;Functional;toprovide persistent item display functionality.;persistent;GeoDirectory;https://cookiedatabase.org/service/geodirectory/
gist-state;Gist;Statistics;tostore and count pageviews.;persistent;Gist;https://cookiedatabase.org/service/gist/
wpinv_session_*;GeoDirectory;Functional;toprovide functions across pages.;session;GeoDirectory;https://cookiedatabase.org/service/geodirectory/
gd_list_view;GeoDirectory;Functional;toprovide functions across pages.;persistent;GeoDirectory;https://cookiedatabase.org/service/geodirectory/
giveasap_*;GiveASAP;Unknown;with unknown functionality;at least one session;GiveASAP;https://cookiedatabase.org/service/giveasap/
ucid;Gigya;Marketing;with unknown functionality;1 year;Gigya;https://cookiedatabase.org/service/gigya/
gmid;Gigya;Marketing;with unknown functionality;1 year;Gigya;https://cookiedatabase.org/service/gigya/
gig_hasGmid;Gigya;Marketing;with unknown functionality;7 months;Gigya;https://cookiedatabase.org/service/gigya/
_gcl_aw;Google Ads;Marketing;toprovide ad delivery or retargeting.;90 days;Google Ads;https://cookiedatabase.org/service/google-ads/
gg_builder_layout;Global Gallery;Unknown;with unknown functionality;at least one session;Global Gallery;https://cookiedatabase.org/service/global-gallery/
_gac_UA-*;Google Ads,Google Analytics;Statistics;tostore and count pageviews.;90 days;Google Ads;https://cookiedatabase.org/service/google-ads/
goog_pem_mod;Google Ads;Marketing;toprovide ad delivery or retargeting.;persistent;Google Ads;https://cookiedatabase.org/service/google-ads/
ads/ga-audiences;Google Ads;Marketing;tostore information for remarketing purposes.;expires immediately;Google Ads;https://cookiedatabase.org/service/google-ads/
google_pem_mod;Google Ads;Marketing;toprovide ad delivery or retargeting.;persistent;Google Ads;https://cookiedatabase.org/service/google-ads/
_gac_*;Google Ads;Marketing;tostore and track audience reach.;90 days;Google Ads;https://cookiedatabase.org/service/google-ads/
_tccl_visitor;Go Daddy;Statistics;tostore anonymized statistics.;1 year;Go Daddy;https://cookiedatabase.org/service/go-daddy/
_tccl_visit;Go Daddy;Statistics;tostore anonymized statistics.;30 minutes;Go Daddy;https://cookiedatabase.org/service/go-daddy/
give_campaign;GiveWP;Statistics;toProvide parameters to URLs to identify the campaigns that refer traffic.;session;GiveWP;https://cookiedatabase.org/service/givewp/
give_source;GiveWP;Statistics;toProvide parameters to URLs to identify the campaigns that refer traffic.;session;GiveWP;https://cookiedatabase.org/service/givewp/
give_medium;GiveWP;Statistics;toProvide parameters to URLs to identify the campaigns that refer traffic.;session;GiveWP;https://cookiedatabase.org/service/givewp/
give_content;GiveWP;Statistics;toProvide parameters to URLs to identify the campaigns that refer traffic.;session;GiveWP;https://cookiedatabase.org/service/givewp/
wp-give_session_*;GiveWP;Functional;tostore a unique session ID.;1 week;GiveWP;https://cookiedatabase.org/service/givewp/
wp-give_session_reset_nonce_*;GiveWP;Functional;toprovide functions across pages.;1 week;GiveWP;https://cookiedatabase.org/service/givewp/
_gcl_ls;Google Adsense;Statistics;toStore and track interaction.;at least one session;Google Adsense;https://cookiedatabase.org/service/google-adsense/
google_ama_settings;Google Adsense;Marketing;tostore performed actions on the website.;persistent;Google Adsense;https://cookiedatabase.org/service/google-adsense/
google_pub_config;Google Adsense;Marketing;toprovide ad delivery or retargeting.;persistent;Google Adsense;https://cookiedatabase.org/service/google-adsense/
google_ama_config;Advanced Ads,Google Adsense;Marketing;with unknown functionality;persistent;Google Adsense;https://cookiedatabase.org/service/google-adsense/
google_adsense_settings;Google Adsense;Marketing;toprovide ad delivery or retargeting.;persistent;Google Adsense;https://cookiedatabase.org/service/google-adsense/
_gcl_au;Google Adsense;Marketing;tostore and track conversions.;persistent;Google Adsense;https://cookiedatabase.org/service/google-adsense/
__utmd;Google Analytics;Marketing;tostore and track visitor journeys through the site and classifies them into groups.;1 second;Google Analytics;https://cookiedatabase.org/service/google-analytics/
_gac_UA-*;Google Ads,Google Analytics;Statistics;tostore and count pageviews.;90 days;Google Analytics;https://cookiedatabase.org/service/google-analytics/
utm_source;Google Analytics;Statistics;toProvide parameters to URLs to identify the campaigns that refer traffic.;expires immediately;Google Analytics;https://cookiedatabase.org/service/google-analytics/
__utmt;Google Analytics;Statistics;tostore number of service requests.;10 minutes;Google Analytics;https://cookiedatabase.org/service/google-analytics/
utm_campaign;Google Analytics;Statistics;toProvide parameters to URLs to identify the campaigns that refer traffic.;expires immediately;Google Analytics;https://cookiedatabase.org/service/google-analytics/
__utm.gif;Google Analytics;Statistics;tostore browser details.;session;Google Analytics;https://cookiedatabase.org/service/google-analytics/
__utmb;Google Analytics;Statistics;tostore time of visit.;session;Google Analytics;https://cookiedatabase.org/service/google-analytics/
_gat_*;Google Analytics;Functional;toread and filter requests from bots.;1 minute;Google Analytics;https://cookiedatabase.org/service/google-analytics/
_ga_*;Google Analytics;Statistics;tostore and count pageviews.;1 year;Google Analytics;https://cookiedatabase.org/service/google-analytics/
UTMD_;Google Analytics;Statistics;tostore and count pageviews.;various;Google Analytics;https://cookiedatabase.org/service/google-analytics/
1p_jar;Google Ads Optimization;Marketing;toprovide ad delivery or retargeting.;1 month;Google Ads Optimization;https://cookiedatabase.org/service/google-ads-optimization/
DV;Google Ads Optimization;Marketing;toprovide ad delivery or retargeting.;1 day;Google Ads Optimization;https://cookiedatabase.org/service/google-ads-optimization/
google_experiment_mod*;Google Ads Optimization;Marketing;tostore and track visits across websites.;3 months;Google Ads Optimization;https://cookiedatabase.org/service/google-ads-optimization/
id;Google Ads Optimization;Unknown;with unknown functionality;at least one session;Google Ads Optimization;https://cookiedatabase.org/service/google-ads-optimization/
CONSENT;Google Ads Optimization;Functional;tostore cookie consent preferences.;20 years;Google Ads Optimization;https://cookiedatabase.org/service/google-ads-optimization/
SNID;Google Ads Optimization;Marketing;toprovide ad delivery or retargeting.;persistent;Google Ads Optimization;https://cookiedatabase.org/service/google-ads-optimization/
APISID;Google Ads Optimization;Unknown;with unknown functionality;2 years;Google Ads Optimization;https://cookiedatabase.org/service/google-ads-optimization/
SSID;Google Ads Optimization;Unknown;with unknown functionality;2 years;Google Ads Optimization;https://cookiedatabase.org/service/google-ads-optimization/
HSID;Google Ads Optimization;Functional;toprovide fraud prevention.;2 years;Google Ads Optimization;https://cookiedatabase.org/service/google-ads-optimization/
SID;Google Ads Optimization;Marketing;toprovide ad delivery or retargeting,provide fraud prevention.;2 years;Google Ads Optimization;https://cookiedatabase.org/service/google-ads-optimization/
gadwp_wg_default_swmetric;Google Analytics Dashboard for WP;Statistics (anonymous);tostore and count pageviews.;1 year;Google Analytics Dashboard for WP;https://cookiedatabase.org/service/google-analytics-dashboard-for-wp/
gadwp_ir_default_metric;Google Analytics Dashboard for WP;Statistics (anonymous);tostore and count pageviews.;1 year;Google Analytics Dashboard for WP;https://cookiedatabase.org/service/google-analytics-dashboard-for-wp/
gadwp_ir_default_swmetric;Google Analytics Dashboard for WP;Statistics (anonymous);tostore and count pageviews.;1 year;Google Analytics Dashboard for WP;https://cookiedatabase.org/service/google-analytics-dashboard-for-wp/
gadwp_ir_default_dimension;Google Analytics Dashboard for WP;Statistics;tostore and count pageviews.;1 year;Google Analytics Dashboard for WP;https://cookiedatabase.org/service/google-analytics-dashboard-for-wp/
gadwp_wg_default_dimension;Google Analytics Dashboard for WP;Statistics;with unknown functionality;1 year;Google Analytics Dashboard for WP;https://cookiedatabase.org/service/google-analytics-dashboard-for-wp/
gadwp_wg_default_metric;Google Analytics Dashboard for WP;Statistics;tostore and count pageviews.;1 month;Google Analytics Dashboard for WP;https://cookiedatabase.org/service/google-analytics-dashboard-for-wp/
gadwp_wg_default_view;Google Analytics Dashboard for WP;Statistics (anonymous);tostore and count pageviews.;1 year;Google Analytics Dashboard for WP;https://cookiedatabase.org/service/google-analytics-dashboard-for-wp/
__gads;Google DoubleClick;Marketing;toprovide ad delivery or retargeting.;13 months;Google DoubleClick;https://cookiedatabase.org/service/google-doubleclick/
__ar_v4;Google DoubleClick;Marketing;tostore and track conversions.;persistent;Google DoubleClick;https://cookiedatabase.org/service/google-doubleclick/
IDE;Google DoubleClick;Marketing;toprovide ad delivery or retargeting.;2 years;Google DoubleClick;https://cookiedatabase.org/service/google-doubleclick/
___gads;Google DoubleClick;Marketing;toprovide ad delivery or retargeting.;13 months;Google DoubleClick;https://cookiedatabase.org/service/google-doubleclick/
ar_v4;Google DoubleClick;Marketing;tostore and track conversions.;persistent;Google DoubleClick;https://cookiedatabase.org/service/google-doubleclick/
DSID;Google DoubleClick;Marketing;tostore user preferences.;2 weeks;Google DoubleClick;https://cookiedatabase.org/service/google-doubleclick/
Google Fonts API;Google Fonts;Marketing;toread user IP address.;expires immediately;Google Fonts;https://cookiedatabase.org/service/google-fonts/
idIDE;Google DoubleClick;Marketing;toprovide ad delivery or retargeting.;2 years;Google DoubleClick;https://cookiedatabase.org/service/google-doubleclick/
SIDCC;Google Maps;Functional;toprovide the identification of trusted web traffic.;1 year;Google Maps;https://cookiedatabase.org/service/google-maps/
Google Maps API;Google Maps;Marketing;toread user IP address.;expires immediately;Google Maps;https://cookiedatabase.org/service/google-maps/
_gaexp_rc;Google Optimize;Marketing;with unknown functionality;1 day;Google Optimize;https://cookiedatabase.org/service/google-optimize/
gmw-settings-tabs;Google Maps Widget;Functional;with unknown functionality;at least one session;Google Maps Widget;https://cookiedatabase.org/service/google-maps-widget/
_grecaptcha;Google reCAPTCHA;Functional;toprovide spam protection.;6 months;Google reCAPTCHA;https://cookiedatabase.org/service/google-recaptcha/
rc::c;Google reCAPTCHA;Marketing;toread and filter requests from bots.;session;Google reCAPTCHA;https://cookiedatabase.org/service/google-recaptcha/
rc::b;Google reCAPTCHA;Marketing;toread and filter requests from bots.;session;Google reCAPTCHA;https://cookiedatabase.org/service/google-recaptcha/
rc::a;Google reCAPTCHA;Marketing;toread and filter requests from bots.;persistent;Google reCAPTCHA;https://cookiedatabase.org/service/google-recaptcha/
googlesitekit_*;Google Site Kit;Functional;toprovide admin functions.;various;Google Site Kit;https://cookiedatabase.org/service/google-site-kit/
googlesitekit_legacy_*;Google Site Kit;Functional;toprovide admin functions.;various;Google Site Kit;https://cookiedatabase.org/service/google-site-kit/
googlesitekit::total-notifications;Google Site Kit;Functional;toprovide admin functions.;various;Google Site Kit;https://cookiedatabase.org/service/google-site-kit/
gglstmp_hide_banner_on_plugin_page;Google Site Kit;Unknown;with unknown functionality;1 year;Google Site Kit;https://cookiedatabase.org/service/google-site-kit/
googlesitekit_modules:*;Google Site Kit;Functional;toprovide admin functions.;various;Google Site Kit;https://cookiedatabase.org/service/google-site-kit/
googtransopt;Google Translate;Functional;tostore user preferences.;session;Google Translate;https://cookiedatabase.org/service/google-translate/
gt_auto_switch;Google Translate;Functional;toprovide functions across pages.;10 years;Google Translate;https://cookiedatabase.org/service/google-translate/
googtrans;Google Translate;Functional;tostore language settings.;session;Google Translate;https://cookiedatabase.org/service/google-translate/
__TAG_ASSISTANT;Google Tag Manager for Wordpress;Functional;toprovide admin functions.;at least one session;Google Tag Manager for Wordpress;https://cookiedatabase.org/service/google-tag-manager-for-wordpress/
gtm4wp_orderid_cookie_expire;Google Tag Manager for Wordpress;Functional;with unknown functionality;at least one session;Google Tag Manager for Wordpress;https://cookiedatabase.org/service/google-tag-manager-for-wordpress/
gtag_ga_R5PDW0TTSP;Altervista,Google various services;Statistics;tostore a unique user ID.;2 years;Google various services;https://cookiedatabase.org/service/google-various-services/
gtag_ga;Altervista,Google various services;Statistics;tostore anonymized statistics.;2 years;Google various services;https://cookiedatabase.org/service/google-various-services/
gtm4wp_last_weatherstatus;Google Tag Manager for Wordpress;Functional;toprovide functions across pages.;session;Google Tag Manager for Wordpress;https://cookiedatabase.org/service/google-tag-manager-for-wordpress/
gtm4wp_orderid_tracked;Google Tag Manager for Wordpress;Statistics;toStore and track interaction.;1 year;Google Tag Manager for Wordpress;https://cookiedatabase.org/service/google-tag-manager-for-wordpress/
et-global-campaign;Goya;Preferences;tostore if a message has been dismissed.;1 day;Goya;https://cookiedatabase.org/service/goya/
gs_u_GSN-*;GoSquared Analytics;Marketing;toStore and track interaction.;2 years;GoSquared Analytics;https://cookiedatabase.org/service/gosquared-analytics/
google_auto_fc_cmp_setting;Google various services;Functional;tostore cookie consent preferences.;persistent;Google various services;https://cookiedatabase.org/service/google-various-services/
__gpi;Google various services;Marketing;with unknown functionality;at least one session;Google various services;https://cookiedatabase.org/service/google-various-services/
HW_seenItems*;Headway Widget;Functional;with unknown functionality;at least one session;Headway Widget;https://cookiedatabase.org/service/headway-widget/
goya_popup;Goya;Preferences;tostore if a message has been dismissed.;1 month;Goya;https://cookiedatabase.org/service/goya/
SERVERID*;HAProxy;Functional;toprovide load balancing functionality.;session;HAProxy;https://cookiedatabase.org/service/haproxy/
HW_readItems*;Headway Widget;Functional;with unknown functionality;at least one session;Headway Widget;https://cookiedatabase.org/service/headway-widget/
_hp2_ses_props*;Heap Analytics;Statistics;tostore performed actions on the website.;30 minutes;Heap Analytics;https://cookiedatabase.org/service/heap-analytics/
happyforms_logger;HappyForms;Unknown;with unknown functionality;session;HappyForms;https://cookiedatabase.org/service/happyforms/
_hp2_props.*;Heap Analytics;Statistics;toStore and track interaction.;14 months;Heap Analytics;https://cookiedatabase.org/service/heap-analytics/
_hp2_props_*;Heap Analytics;Statistics;toStore and track interaction.;14 months;Heap Analytics;https://cookiedatabase.org/service/heap-analytics/
_hp2_id_*;Heap Analytics;Statistics;tostore a unique user ID,Store and track interaction.;14 months;Heap Analytics;https://cookiedatabase.org/service/heap-analytics/
_hp2_ses;Heap Analytics;Statistics;tostore performed actions on the website.;30 minutes , session;Heap Analytics;https://cookiedatabase.org/service/heap-analytics/
_hp2_id.*;Heap Analytics;Statistics;toStore and track interaction.;14 months;Heap Analytics;https://cookiedatabase.org/service/heap-analytics/
*_hp2;Heap Analytics;Statistics;toStore and track interaction.;14 months;Heap Analytics;https://cookiedatabase.org/service/heap-analytics/
helpcrunch.com-*-visit-start-time;HelpCrunch;Unknown;with unknown functionality;persistent;HelpCrunch;https://cookiedatabase.org/service/helpcrunch/
helpcrunch.com-*-received-triggers-count;HelpCrunch;Unknown;with unknown functionality;persistent;HelpCrunch;https://cookiedatabase.org/service/helpcrunch/
helpcrunch.com-*-chat-window-state;HelpCrunch;Unknown;with unknown functionality;persistent;HelpCrunch;https://cookiedatabase.org/service/helpcrunch/
helpcrunch.com-*-device-source;HelpCrunch;Unknown;with unknown functionality;persistent;HelpCrunch;https://cookiedatabase.org/service/helpcrunch/
helpcrunch.com-*-last-message;HelpCrunch;Unknown;with unknown functionality;persistent;HelpCrunch;https://cookiedatabase.org/service/helpcrunch/
helpcrunch.com-*-page-views;HelpCrunch;Unknown;with unknown functionality;persistent;HelpCrunch;https://cookiedatabase.org/service/helpcrunch/
helpcrunch.com-*-triggers-list;HelpCrunch;Unknown;with unknown functionality;persistent;HelpCrunch;https://cookiedatabase.org/service/helpcrunch/
helpcrunch.com-*-device-referrer;HelpCrunch;Unknown;with unknown functionality;persistent;HelpCrunch;https://cookiedatabase.org/service/helpcrunch/
helpcrunch.com-*-visit-end-time;HelpCrunch;Unknown;with unknown functionality;persistent;HelpCrunch;https://cookiedatabase.org/service/helpcrunch/
helpcrunch.com-*-visits-count;HelpCrunch;Unknown;with unknown functionality;persistent;HelpCrunch;https://cookiedatabase.org/service/helpcrunch/
persist:hs-beacon-message-*;Help Scout;Functional;tostore if a message has been shown.;persistent;Help Scout;https://cookiedatabase.org/service/help-scout/
HS:Beacon:Suggestions:*;Help Scout;Unknown;with unknown functionality;at least one session;Help Scout;https://cookiedatabase.org/service/help-scout/
HS:Beacon:Suggestions:id:*;Help Scout;Functional;with unknown functionality;at least one session;Help Scout;https://cookiedatabase.org/service/help-scout/
persist:hs-beacon-*;Help Scout;Functional;tostore if a message has been shown.;persistent;Help Scout;https://cookiedatabase.org/service/help-scout/
HstCnv*;Histats;Unknown;with unknown functionality;at least one session;Histats;https://cookiedatabase.org/service/histats/
HstCns*;Histats;Unknown;with unknown functionality;at least one session;Histats;https://cookiedatabase.org/service/histats/
HstCfa*;Histats;Unknown;with unknown functionality;at least one session;Histats;https://cookiedatabase.org/service/histats/
HstCla*;Histats;Unknown;with unknown functionality;at least one session;Histats;https://cookiedatabase.org/service/histats/
HstCmu*;Histats;Unknown;with unknown functionality;at least one session;Histats;https://cookiedatabase.org/service/histats/
HstPn*;Histats;Unknown;with unknown functionality;at least one session;Histats;https://cookiedatabase.org/service/histats/
HstPt*;Histats;Unknown;with unknown functionality;at least one session;Histats;https://cookiedatabase.org/service/histats/
hide_my_site-access*;Hide My Site;Unknown;with unknown functionality;at least one session;Hide My Site;https://cookiedatabase.org/service/hide-my-site/
leadin_third_party_cookies;HubSpot;Unknown;with unknown functionality;at least one session;HubSpot;https://cookiedatabase.org/service/hubspot/
__hs_cookie_cat_pref;HubSpot;Functional;tostore cookie consent preferences.;6 months;HubSpot;https://cookiedatabase.org/service/hubspot/
hubspotutk;HubSpot;Marketing;tostore and track a visitor's identity.;13 months;HubSpot;https://cookiedatabase.org/service/hubspot/
__hs_initial_opt_in;HubSpot;Functional;tostore 'do not track' signals.;1 week;HubSpot;https://cookiedatabase.org/service/hubspot/
hsfirstvisit;HubSpot;Marketing;tostore time of visit.;at least one session;HubSpot;https://cookiedatabase.org/service/hubspot/
__hssrc;HubSpot;Statistics;tostore a unique session ID.;session;HubSpot;https://cookiedatabase.org/service/hubspot/
messagesUtk;HubSpot;Preferences;tostore browser details,store performed actions on the website.;13 months;HubSpot;https://cookiedatabase.org/service/hubspot/
__hssc;HubSpot;Functional;tostore anonymized statistics.;30 minutes;HubSpot;https://cookiedatabase.org/service/hubspot/
__hstc;HubSpot;Marketing;tostore time of visit.;13 months;HubSpot;https://cookiedatabase.org/service/hubspot/
__hsmem;HubSpot;Preferences;toStore logged in users.;1 week;HubSpot;https://cookiedatabase.org/service/hubspot/
_hjUserAttributes;Hotjar;Statistics;tostore and track a visitor's identity.;persistent;Hotjar;https://cookiedatabase.org/service/hotjar/
_hjUserAttributesHash;Hotjar;Preferences;toProvide the prevention of cached pages.;1 minute;Hotjar;https://cookiedatabase.org/service/hotjar/
_hjHasCachedUserAttributes;Hotjar;Preferences;toProvide the prevention of cached pages.;session;Hotjar;https://cookiedatabase.org/service/hotjar/
_hjSession_*;Hotjar;Functional;toprovide functions across pages.;session;Hotjar;https://cookiedatabase.org/service/hotjar/
_hjSessionUser_*;Hotjar;Statistics;tostore a unique user ID.;1 year;Hotjar;https://cookiedatabase.org/service/hotjar/
_hjSessionTooLarge;Hotjar;Functional;toread if cookies can be placed.;session;Hotjar;https://cookiedatabase.org/service/hotjar/
_hjFirstSeen;Hotjar;Statistics;tostore first visit to the site.;30 minutes;Hotjar;https://cookiedatabase.org/service/hotjar/
_hjIncludedInSessionSample_*;Hotjar;Statistics;with unknown functionality;30 minutes;Hotjar;https://cookiedatabase.org/service/hotjar/
_hjIncludedInPageviewSample;Hotjar;Statistics;tostore and count pageviews.;1 minute;Hotjar;https://cookiedatabase.org/service/hotjar/
_hjTLDTest;Hotjar;Functional;with unknown functionality;session;Hotjar;https://cookiedatabase.org/service/hotjar/
eupubconsent-v2;IAB Transparency and Consent Framework;Marketing;tostore information for remarketing purposes.;1 year;IAB Transparency and Consent Framework;https://cookiedatabase.org/service/iab-tcf/
cmplz_tcf_consent;IAB Transparency and Consent Framework;Functional;tostore cookie consent preferences.;1 year;IAB Transparency and Consent Framework;https://cookiedatabase.org/service/iab-tcf/
eupubconsent;IAB Transparency and Consent Framework;Marketing;tostore information for remarketing purposes.;1 year;IAB Transparency and Consent Framework;https://cookiedatabase.org/service/iab-tcf/
cmplz_tcf_consent_all;IAB Transparency and Consent Framework;Functional;tostore cookie consent preferences.;1 year;IAB Transparency and Consent Framework;https://cookiedatabase.org/service/iab-tcf/
usprivacy;IAB Transparency and Consent Framework;Functional;tostore privacy preferences.;various;IAB Transparency and Consent Framework;https://cookiedatabase.org/service/iab-tcf/
ifso_is_first_use;If So;Functional;toprovide admin functions.;persistent;If So;https://cookiedatabase.org/service/if-so/
boxzilla_timer;Ibericode;Preferences;tostore time of visit.;session;Ibericode;https://cookiedatabase.org/service/ibericode/
boxzilla_pageviews;Ibericode;Unknown;tostore and count pageviews.;session;Ibericode;https://cookiedatabase.org/service/ibericode/
ifso_last_viewed;If So;Marketing;tostore last visit.;various;If So;https://cookiedatabase.org/service/if-so/
The page can’t be found.;;;;;If So;https://cookiedatabase.org/service/if-so/
iflychatSoundCid;iFlyChat;Unknown;with unknown functionality;30 days;iFlyChat;https://cookiedatabase.org/service/iflychat/
ifso_visit_counts;If So;Statistics;tostore number of visits.;persistent;If So;https://cookiedatabase.org/service/if-so/
iflychatUserId;iFlyChat;Unknown;with unknown functionality;30 days;iFlyChat;https://cookiedatabase.org/service/iflychat/
iflychatUserName;iFlyChat;Unknown;with unknown functionality;30 days;iFlyChat;https://cookiedatabase.org/service/iflychat/
ip-wishlist-items;Ideapark Wishlist;Functional;tostore user preferences.;1 month;Ideapark Wishlist;https://cookiedatabase.org/service/ideapark-wishlist/
iflychatStatusCid;iFlyChat;Unknown;with unknown functionality;30 days;iFlyChat;https://cookiedatabase.org/service/iflychat/
ip-cart-count;Ideapark Wishlist;Functional;toprovide functions across pages.;1 month;Ideapark Wishlist;https://cookiedatabase.org/service/ideapark-wishlist/
ip-wishlist-count;Ideapark Wishlist;Functional;tostore account details.;1 month;Ideapark Wishlist;https://cookiedatabase.org/service/ideapark-wishlist/
imager:*;Imager;Unknown;with unknown functionality;at least one session;Imager;https://cookiedatabase.org/service/imager/
ngg_pro_cart;Imagely;Unknown;with unknown functionality;10 days;Imagely;https://cookiedatabase.org/service/imagely/
incap_ses_*;Incapsula;Functional;with unknown functionality;at least one session;Incapsula;https://cookiedatabase.org/service/incapsula/
visid_incap_*;Incapsula;Unknown;with unknown functionality;at least one session;Incapsula;https://cookiedatabase.org/service/incapsula/
__insp_msld;Inspectlet;Statistics;with unknown functionality;at least one session;Inspectlet;https://cookiedatabase.org/service/inspectlet/
__insp_dct;Inspectlet;Unknown;with unknown functionality;at least one session;Inspectlet;https://cookiedatabase.org/service/inspectlet/
__insp_mslc;Inspectlet;Statistics;with unknown functionality;at least one session;Inspectlet;https://cookiedatabase.org/service/inspectlet/
__insp_ss;Inspectlet;Statistics;with unknown functionality;at least one session;Inspectlet;https://cookiedatabase.org/service/inspectlet/
__insp_norec_sess;Inspectlet;Statistics;with unknown functionality;at least one session;Inspectlet;https://cookiedatabase.org/service/inspectlet/
__insp_pad;Inspectlet;Statistics;with unknown functionality;at least one session;Inspectlet;https://cookiedatabase.org/service/inspectlet/
__insp_lml;Inspectlet;Statistics;with unknown functionality;at least one session;Inspectlet;https://cookiedatabase.org/service/inspectlet/
__insp_slim;Inspectlet;Statistics;with unknown functionality;at least one session;Inspectlet;https://cookiedatabase.org/service/inspectlet/
__insp_targlpt;Inspectlet;Statistics;with unknown functionality;1 year;Inspectlet;https://cookiedatabase.org/service/inspectlet/
__ib2pgvar_*;InstaBuilder;Unknown;with unknown functionality;at least one session;InstaBuilder;https://cookiedatabase.org/service/instabuilder/
__insp_targlpu;Inspectlet;Statistics;with unknown functionality;1 year;Inspectlet;https://cookiedatabase.org/service/inspectlet/
__ib2pgses_*;InstaBuilder;Unknown;with unknown functionality;at least one session;InstaBuilder;https://cookiedatabase.org/service/instabuilder/
intercom-device-id-*;Intercom Messenger;Marketing;tostore a unique user ID.;9 months;Intercom Messenger;https://cookiedatabase.org/service/intercom-messenger/
intercom-session-*;Intercom Messenger;Functional;with unknown functionality;1 week;Intercom Messenger;https://cookiedatabase.org/service/intercom-messenger/
oao.navigation.alreadyrendered;IONOS;Unknown;with unknown functionality;persistent;IONOS;https://cookiedatabase.org/service/ionos/
intercom-id-*;Intercom Messenger;Functional;with unknown functionality;9 months;Intercom Messenger;https://cookiedatabase.org/service/intercom-messenger/
oao.statuspage.MaintenancesStore_updated;IONOS;Unknown;with unknown functionality;persistent;IONOS;https://cookiedatabase.org/service/ionos/
oao.statuspage.MaintenancesStore;IONOS;Unknown;with unknown functionality;persistent;IONOS;https://cookiedatabase.org/service/ionos/
oao.statuspage.IncidentsStore;IONOS;Unknown;with unknown functionality;persistent;IONOS;https://cookiedatabase.org/service/ionos/
oao.statuspage.StatusDataStore_updated;IONOS;Unknown;with unknown functionality;persistent;IONOS;https://cookiedatabase.org/service/ionos/
oao.statuspage.StatusDataStore;IONOS;Unknown;with unknown functionality;persistent;IONOS;https://cookiedatabase.org/service/ionos/
oao.statuspage.IncidentsStore_updated;IONOS;Unknown;with unknown functionality;persistent;IONOS;https://cookiedatabase.org/service/ionos/
itsec-hb-login-*;iThemes Security;Functional;toprovide the hiding of the WordPress login URL.;10 minutes;iThemes Security;https://cookiedatabase.org/service/ithemes-security/
itsec-recaptcha-opt-in-*;iThemes Security;Unknown;with unknown functionality;at least one session;iThemes Security;https://cookiedatabase.org/service/ithemes-security/
jetpack_sso_wpcom_name_*;Jetpack;Unknown;with unknown functionality;at least one session;Jetpack;https://cookiedatabase.org/service/jetpack/
itsec_interstitial_browser;iThemes Security;Functional;toprovide fraud prevention.;session;iThemes Security;https://cookiedatabase.org/service/ithemes-security/
_iub_cs-*;iubenda Cookie Solution;Functional;tostore cookie consent preferences.;at least one session;iubenda Cookie Solution;https://cookiedatabase.org/service/iubenda-cookie-solution/
jetpack_sso_wpcom_gravatar_*;Jetpack;Unknown;with unknown functionality;at least one session;Jetpack;https://cookiedatabase.org/service/jetpack/
jetpack_comments_subscribe_*;Jetpack;Unknown;with unknown functionality;at least one session;Jetpack;https://cookiedatabase.org/service/jetpack/
jpp_math_pass;Jetpack;Unknown;with unknown functionality;1 day;Jetpack;https://cookiedatabase.org/service/jetpack/
jetpack_sso_original_request;Jetpack;Unknown;with unknown functionality;at least one session;Jetpack;https://cookiedatabase.org/service/jetpack/
jetpack_blog_subscribe_*;Jetpack;Unknown;with unknown functionality;at least one session;Jetpack;https://cookiedatabase.org/service/jetpack/
jetpack_sso_nonce;Jetpack;Unknown;with unknown functionality;at least one session;Jetpack;https://cookiedatabase.org/service/jetpack/
jetpackState;Jetpack;Functional;toprovide functions across pages.;session;Jetpack;https://cookiedatabase.org/service/jetpack/
tk_r3d;Jetpack;Statistics;with unknown functionality;3 days;Jetpack;https://cookiedatabase.org/service/jetpack/
tk_qs;Automattic,Jetpack;Statistics;toprovide functions across pages.;30 minutes;Jetpack;https://cookiedatabase.org/service/jetpack/
jilt_customer_session_id;Jilt;Marketing;tostore a unique user ID.;25 years;Jilt;https://cookiedatabase.org/service/jilt/
jv_*;Jivochat;Unknown;with unknown functionality;at least one session;Jivochat;https://cookiedatabase.org/service/jivochat/
jetPopupData;Jetpopup;Functional;tostore if a message has been dismissed.;persistent;Jetpopup;https://cookiedatabase.org/service/jetpopup/
jv_refer_*;Jivochat;Statistics;tostore referrer ID's.;session;Jivochat;https://cookiedatabase.org/service/jivochat/
jv_agents_items_*;Jivochat;Unknown;with unknown functionality;at least one session;Jivochat;https://cookiedatabase.org/service/jivochat/
jv_mframe_protected;Jivochat;Functional;toprovide a responsive website.;at least one session;Jivochat;https://cookiedatabase.org/service/jivochat/
Jv_utm_*;Jivochat;Marketing;tostore and track the email campaign.;session;Jivochat;https://cookiedatabase.org/service/jivochat/
jv_loader_info;Jivochat;Unknown;with unknown functionality;at least one session;Jivochat;https://cookiedatabase.org/service/jivochat/
jv_enter_*;Jivochat;Functional;tostore first visit to the site.;session;Jivochat;https://cookiedatabase.org/service/jivochat/
jv_callback_ping_response_*;Jivochat;Functional;tostore configuration.;at least one session;Jivochat;https://cookiedatabase.org/service/jivochat/
jv_ca19_*;Jivochat;Unknown;with unknown functionality;at least one session;Jivochat;https://cookiedatabase.org/service/jivochat/
jv_loader_info_*;Jivochat;Unknown;with unknown functionality;persistent;Jivochat;https://cookiedatabase.org/service/jivochat/
noo_jobs_*;JobMonster;Unknown;with unknown functionality;at least one session;JobMonster;https://cookiedatabase.org/service/jobmonster/
joomla_user_state;Joomla;Functional;with unknown functionality;at least one session;Joomla;https://cookiedatabase.org/service/joomla/
joinchat_hashes;Join.chat;Functional;tostore performed actions on the website.;persistent;Join.chat;https://cookiedatabase.org/service/join-chat/
joinchat_views;Join.chat;Functional;tostore and count pageviews.;persistent;Join.chat;https://cookiedatabase.org/service/join-chat/
jstree_load;JsTree;Unknown;with unknown functionality;at least one session;JsTree;https://cookiedatabase.org/service/jstree/
jstree;JsTree;Unknown;with unknown functionality;at least one session;JsTree;https://cookiedatabase.org/service/jstree/
jstree_open;JsTree;Unknown;with unknown functionality;at least one session;JsTree;https://cookiedatabase.org/service/jstree/
jdgm_vote_count_down_*;Judge.me;Functional;tostore performed actions on the website.;1 year;Judge.me;https://cookiedatabase.org/service/judge-me/
jdgm_vote_submitted_*;Judge.me;Functional;toprovide fraud prevention.;1 year;Judge.me;https://cookiedatabase.org/service/judge-me/
kadenceBlocksPrebuilt;Kadence Blocks;Functional;toprovide a responsive website.;persistent;Kadence Blocks;https://cookiedatabase.org/service/kadence-blocks/
jdgm_vote_count_up_*;Judge.me;Functional;tostore performed actions on the website.;1 year;Judge.me;https://cookiedatabase.org/service/judge-me/
kadenceColumnStyle;Kadence Blocks;Functional;toprovide a responsive website.;persistent;Kadence Blocks;https://cookiedatabase.org/service/kadence-blocks/
kadenceHeadingStyle;Kadence Blocks;Functional;toprovide a responsive website.;persistent;Kadence Blocks;https://cookiedatabase.org/service/kadence-blocks/
kadenceInfoboxStyle;Kadence Blocks;Functional;toprovide a responsive website.;persistent;Kadence Blocks;https://cookiedatabase.org/service/kadence-blocks/
jwplayer.bitrateSelection;JW Player;Functional;with unknown functionality;persistent;JW Player;https://cookiedatabase.org/service/jw-player/
jwplayer.volume;JW Player;Functional;with unknown functionality;persistent;JW Player;https://cookiedatabase.org/service/jw-player/
jwplayer.qualityLabel;JW Player;Functional;with unknown functionality;persistent;JW Player;https://cookiedatabase.org/service/jw-player/
jwplayerLocalId;JW Player;Functional;with unknown functionality;persistent;JW Player;https://cookiedatabase.org/service/jw-player/
jwplayer.bandwidthEstimate;JW Player;Functional;with unknown functionality;persistent;JW Player;https://cookiedatabase.org/service/jw-player/
jwplayer.mute;JW Player;Functional;with unknown functionality;persistent;JW Player;https://cookiedatabase.org/service/jw-player/
klarna-mdid;Klarna;Unknown;with unknown functionality;at least one session;Klarna;https://cookiedatabase.org/service/klarna/
KC_TMPL_CACHE;Kingcomposer;Unknown;with unknown functionality;at least one session;Kingcomposer;https://cookiedatabase.org/service/kingcomposer/
wcUserSettings;Kainex;Unknown;tostore user preferences.;1 month;Kainex;https://cookiedatabase.org/service/kainex/
KC_Configs;Kingcomposer;Preferences;tostore configuration.;persistent;Kingcomposer;https://cookiedatabase.org/service/kingcomposer/
_klarna_sdid_ch;Klarna;Unknown;with unknown functionality;at least one session;Klarna;https://cookiedatabase.org/service/klarna/
klarna-instant-shopping-context-id;Klarna;Marketing;with unknown functionality;5 years;Klarna;https://cookiedatabase.org/service/klarna/
kk_leadtag;Kelkoo Salestracking;Marketing;tostore performed actions on the website.;1 year;Kelkoo Salestracking;https://cookiedatabase.org/service/kelkoo-salestracking/
klaviyoPagesVisitCount;Klaviyo;Unknown;with unknown functionality;at least one session;Klaviyo;https://cookiedatabase.org/service/klaviyo/
__kla_id;Klaviyo;Unknown;with unknown functionality;at least one session;Klaviyo;https://cookiedatabase.org/service/klaviyo/
__kla_viewed;Klaviyo;Unknown;with unknown functionality;at least one session;Klaviyo;https://cookiedatabase.org/service/klaviyo/
klaviyoOnsite;Klaviyo;Unknown;with unknown functionality;at least one session;Klaviyo;https://cookiedatabase.org/service/klaviyo/
klaClosedPopup;Klaviyo;Functional;tostore if a message has been dismissed.;1 year;Klaviyo;https://cookiedatabase.org/service/klaviyo/
KTSTC*SUBMITLIMIT;Klick Tipp;Unknown;with unknown functionality;1 year;Klick Tipp;https://cookiedatabase.org/service/klick-tipp/
KTSTC*SUBMITCROSSCLICKED;Klick Tipp;Unknown;with unknown functionality;1 year;Klick Tipp;https://cookiedatabase.org/service/klick-tipp/
_koko_analytics_pages_viewed;Koko Analytics;Statistics;tostore and count pageviews.;5 hours;Koko Analytics;https://cookiedatabase.org/service/koko-analytics/
remember_web_*;Laravel php framework;Functional;tostore user preferences.;1 week;Laravel php framework;https://cookiedatabase.org/service/laravel-php-framework/
_lfa_*;Leadfeeder;Marketing;tostore and track audience reach.;2 years;Leadfeeder;https://cookiedatabase.org/service/leadfeeder/
layerslider.minicolors.recent;LayerSlider;Unknown;with unknown functionality;at least one session;LayerSlider;https://cookiedatabase.org/service/layerslider/
learndash-video-progress-*;LearnDash;Unknown;with unknown functionality;at least one session;LearnDash;https://cookiedatabase.org/service/learndash/
_ots;Leadboxer;Statistics;tostore a unique session ID.;30 minutes;Leadboxer;https://cookiedatabase.org/service/leadboxer/
_otpe;Leadboxer;Marketing;tostore which page was visited first.;30 minutes;Leadboxer;https://cookiedatabase.org/service/leadboxer/
_learn_press_session_*;LearnPress;Functional;tostore a unique session ID,store a unique user ID.;1 day;LearnPress;https://cookiedatabase.org/service/learnpress/
thx_global_guid;LexisNexis;Functional;toprovide fraud prevention.;5 years;LexisNexis;https://cookiedatabase.org/service/lexisnexis/
_otui;Leadboxer;Marketing;tostore a unique user ID.;2 years;Leadboxer;https://cookiedatabase.org/service/leadboxer/
thx_guid;LexisNexis;Functional;toprovide fraud prevention.;5 years;LexisNexis;https://cookiedatabase.org/service/lexisnexis/
likebtn_vote*;Likebtn;Functional;tostore likes of comments or posts.;persistent;Likebtn;https://cookiedatabase.org/service/likebtn/
likebtn_count*;Likebtn;Functional;tostore likes of comments or posts.;persistent;Likebtn;https://cookiedatabase.org/service/likebtn/
sdsc;LinkedIn;Functional;toprovide load balancing functionality.;session;LinkedIn;https://cookiedatabase.org/service/linkedin/
lms_ads;LinkedIn;Marketing;tostore and track visits across websites.;30 days;LinkedIn;https://cookiedatabase.org/service/linkedin/
_guid;LinkedIn;Marketing;tostore and track a visitor's identity.;90 days;LinkedIn;https://cookiedatabase.org/service/linkedin/
li_alerts;LinkedIn;Preferences;tostore if a message has been shown.;1 year;LinkedIn;https://cookiedatabase.org/service/linkedin/
lms_analytics;LinkedIn;Statistics;tostore and track a visitor's identity.;30 days;LinkedIn;https://cookiedatabase.org/service/linkedin/
AnalyticsSyncHistory;LinkedIn;Statistics;tostore and track visits across websites.;30 days;LinkedIn;https://cookiedatabase.org/service/linkedin/
li_gc;LinkedIn;Functional;tostore cookie consent preferences.;6 months;LinkedIn;https://cookiedatabase.org/service/linkedin/
bcookie;LinkedIn;Preferences;tostore browser details.;1 year;LinkedIn;https://cookiedatabase.org/service/linkedin/
li-oatml;LinkedIn;Marketing;toprovide ad delivery or retargeting.;1 month;LinkedIn;https://cookiedatabase.org/service/linkedin/
litespeed_tab;LiteSpeed;Functional;with unknown functionality;at least one session;LiteSpeed;https://cookiedatabase.org/service/litespeed/
BizographicsOptOut;LinkedIn;Functional;tostore privacy preferences.;10 years;LinkedIn;https://cookiedatabase.org/service/linkedin/
ls_smartpush;LiteSpeed;Functional;with unknown functionality;2 days;LiteSpeed;https://cookiedatabase.org/service/litespeed/
lscache-sf_sp;LiteSpeed;Unknown;with unknown functionality;at least one session;LiteSpeed;https://cookiedatabase.org/service/litespeed/
lscache-sf_sc-cacheexpiration;LiteSpeed;Unknown;with unknown functionality;at least one session;LiteSpeed;https://cookiedatabase.org/service/litespeed/
lscache-sf_id;LiteSpeed;Unknown;with unknown functionality;at least one session;LiteSpeed;https://cookiedatabase.org/service/litespeed/
lscache-sf_sc;LiteSpeed;Unknown;with unknown functionality;at least one session;LiteSpeed;https://cookiedatabase.org/service/litespeed/
lscache-sf_sd-cacheexpiration;LiteSpeed;Unknown;with unknown functionality;at least one session;LiteSpeed;https://cookiedatabase.org/service/litespeed/
lscache-sf_s;LiteSpeed;Unknown;with unknown functionality;at least one session;LiteSpeed;https://cookiedatabase.org/service/litespeed/
lscache-sf_sd;LiteSpeed;Unknown;with unknown functionality;at least one session;LiteSpeed;https://cookiedatabase.org/service/litespeed/
liveAgentStart;LiveAgent;Unknown;with unknown functionality;persistent;LiveAgent;https://cookiedatabase.org/service/liveagent/
lscache-linkchecker-*;LiteSpeed;Unknown;with unknown functionality;at least one session;LiteSpeed;https://cookiedatabase.org/service/litespeed/
liveAgentSid;LiveAgent;Unknown;with unknown functionality;session;LiveAgent;https://cookiedatabase.org/service/liveagent/
liveAgentPc;LiveAgent;Unknown;with unknown functionality;persistent;LiveAgent;https://cookiedatabase.org/service/liveagent/
liveAgentPage_*;LiveAgent;Marketing;tostore and count pageviews.;persistent;LiveAgent;https://cookiedatabase.org/service/liveagent/
liveAgentPageTime_*;LiveAgent;Functional;with unknown functionality;persistent;LiveAgent;https://cookiedatabase.org/service/liveagent/
liveagent_ptid;LiveAgent;Unknown;with unknown functionality;10 years;LiveAgent;https://cookiedatabase.org/service/liveagent/
liveagent_oref;LiveAgent;Unknown;tostore referrer ID's.;10 years;LiveAgent;https://cookiedatabase.org/service/liveagent/
liveagent_vc;LiveAgent;Unknown;tostore number of visits.;10 years;LiveAgent;https://cookiedatabase.org/service/liveagent/
__oauth_redirect_detector;LiveChat;Functional;tostore a unique user ID.;2 years;LiveChat;https://cookiedatabase.org/service/livechat/
__lc_cst;LiveChat;Marketing;tostore and track a visitor's identity.;2 years;LiveChat;https://cookiedatabase.org/service/livechat/
tcx_current;LiveChat;Unknown;with unknown functionality;at least one session;LiveChat;https://cookiedatabase.org/service/livechat/
__lc_cid;LiveChat;Marketing;tostore and track a visitor's identity.;2 years;LiveChat;https://cookiedatabase.org/service/livechat/
tcx_customerID;LiveChat;Unknown;with unknown functionality;at least one session;LiveChat;https://cookiedatabase.org/service/livechat/
__lc.visitor_id*;LiveChat;Functional;tostore a unique user ID.;3 years;LiveChat;https://cookiedatabase.org/service/livechat/
__lc_visitor_id*;LiveChat;Functional;tostore a unique user ID.;3 years;LiveChat;https://cookiedatabase.org/service/livechat/
tcx_first;LiveChat;Unknown;with unknown functionality;persistent;LiveChat;https://cookiedatabase.org/service/livechat/
lc_sso*;LiveChat;Unknown;with unknown functionality;at least one session;LiveChat;https://cookiedatabase.org/service/livechat/
lo-opt-out;Lucky Orange;Functional;tostore cookie consent preferences.;2 years;Lucky Orange;https://cookiedatabase.org/service/luckyorange/
logglytrackingsession;Loggly;Statistics;with unknown functionality;session;Loggly;https://cookiedatabase.org/service/loggly/
loginpress_bg;LoginPress;Functional;toprovide functions across pages.;session;LoginPress;https://cookiedatabase.org/service/loginpress/
lc_window_state;LiveChat;Unknown;with unknown functionality;at least one session;LiveChat;https://cookiedatabase.org/service/livechat/
lo-visitor;Lucky Orange;Marketing;tostore number of visits.;various;Lucky Orange;https://cookiedatabase.org/service/luckyorange/
lo-uid;Lucky Orange;Marketing;toprovide functions across pages.;2 years;Lucky Orange;https://cookiedatabase.org/service/luckyorange/
lo-messenger;Lucky Orange;Functional;toprovide a responsive website.;various;Lucky Orange;https://cookiedatabase.org/service/luckyorange/
lo-visits;Lucky Orange;Marketing;toprovide functions across pages.;2 years;Lucky Orange;https://cookiedatabase.org/service/luckyorange/
lo-heatmaps.dialogs.reducedInteractivity;Lucky Orange;Marketing;toprovide functions across pages.;2 years;Lucky Orange;https://cookiedatabase.org/service/luckyorange/
lo-heatmaps.accessToken;Lucky Orange;Marketing;toprovide functions across pages.;2 years;Lucky Orange;https://cookiedatabase.org/service/luckyorange/
lo-heatmaps.tours.firstTimeTour;Lucky Orange;Marketing;toprovide functions across pages.;2 years;Lucky Orange;https://cookiedatabase.org/service/luckyorange/
lo-heatmaps.siteID;Lucky Orange;Marketing;toprovide functions across pages.;2 years;Lucky Orange;https://cookiedatabase.org/service/luckyorange/
tmr_detect;Mail.ru;Unknown;with unknown functionality;1 day;Mail.ru;https://cookiedatabase.org/service/mail-ru/
mailerlite_checkout_token;MailerLite;Unknown;with unknown functionality;at least one session;MailerLite;https://cookiedatabase.org/service/mailerlite/
lo_session;Lucky Orange;Marketing;toprovide functions across pages.;session;Lucky Orange;https://cookiedatabase.org/service/luckyorange/
mailchimp.cart.*;MailChimp;Unknown;with unknown functionality;at least one session;MailChimp;https://cookiedatabase.org/service/mailchimp/
mctb_bar_hidden;MailChimp;Unknown;with unknown functionality;4 months;MailChimp;https://cookiedatabase.org/service/mailchimp/
mailchimp_email_id;MailChimp;Marketing;tostore and track the email campaign.;2 weeks;MailChimp;https://cookiedatabase.org/service/mailchimp/
mailchimp_campaign_id;MailChimp;Marketing;tostore and track the email campaign.;2 weeks;MailChimp;https://cookiedatabase.org/service/mailchimp/
MCPopupClosed;MailChimp;Functional;tostore if a message has been dismissed.;1 year;MailChimp;https://cookiedatabase.org/service/mailchimp/
mailchimp_landing_site;MailChimp;Statistics;tostore which page was visited first.;1 month;MailChimp;https://cookiedatabase.org/service/mailchimp/
mailchimp_cart_previous_email;MailChimp;Marketing;tostore information for remarketing purposes.;session;MailChimp;https://cookiedatabase.org/service/mailchimp/
mailchimp_cart_current_email;MailChimp;Marketing;tostore information for remarketing purposes.;session;MailChimp;https://cookiedatabase.org/service/mailchimp/
mc_landing_site;MailChimp;Marketing;tostore which page was visited first.;2 weeks;MailChimp;https://cookiedatabase.org/service/mailchimp/
_mailmunch_seen_month;MailMunch;Unknown;with unknown functionality;at least one session;MailMunch;https://cookiedatabase.org/service/mailmunch/
mailchimp_user_previous_email;MailChimp;Marketing;with unknown functionality;1 month;MailChimp;https://cookiedatabase.org/service/mailchimp/
_mailmunch_visitor_id;MailMunch;Unknown;with unknown functionality;1 year;MailMunch;https://cookiedatabase.org/service/mailmunch/
mailmunch_second_pageview;MailMunch;Preferences;toprovide subscription service,store user preferences.;1 year;MailMunch;https://cookiedatabase.org/service/mailmunch/
mailoptin_settings_active-tab;MailOptin;Unknown;with unknown functionality;at least one session;MailOptin;https://cookiedatabase.org/service/mailoptin/
mailoptin_connections_active-tab;MailOptin;Unknown;with unknown functionality;at least one session;MailOptin;https://cookiedatabase.org/service/mailoptin/
mo_success_*;MailOptin;Unknown;with unknown functionality;at least one session;MailOptin;https://cookiedatabase.org/service/mailoptin/
mailpoet_page_view;mailpoet;Marketing;toprovide subscription service.;persistent;mailpoet;https://cookiedatabase.org/service/mailpoet/
mailpoet_subscriber;mailpoet;Marketing;toprovide subscription service.;persistent;mailpoet;https://cookiedatabase.org/service/mailpoet/
mailpoet_form_preview_settings2;mailpoet;Functional;toprovide admin functions.;various;mailpoet;https://cookiedatabase.org/service/mailpoet/
mailpoet_form_preview_settings1;mailpoet;Functional;toprovide admin functions.;various;mailpoet;https://cookiedatabase.org/service/mailpoet/
mailpoet_form_preview_settings;mailpoet;Functional;toprovide admin functions.;various;mailpoet;https://cookiedatabase.org/service/mailpoet/
MAILPOET_SESSION;mailpoet;Functional;toprovide spam protection.;session;mailpoet;https://cookiedatabase.org/service/mailpoet/
mailpoet_abandoned_cart_tracking;mailpoet;Marketing;tostore information for remarketing purposes.;1 year;mailpoet;https://cookiedatabase.org/service/mailpoet/
mailpoet_revenue_tracking;mailpoet;Marketing;tostore and track conversions.;2 weeks;mailpoet;https://cookiedatabase.org/service/mailpoet/
popup_form_dismissed;mailpoet;Functional;tostore if a message has been dismissed.;1 year;mailpoet;https://cookiedatabase.org/service/mailpoet/
_$Maps_zoom_expiration;Maps Marker Pro;Unknown;with unknown functionality;at least one session;Maps Marker Pro;https://cookiedatabase.org/service/maps-marker-pro/
_$Maps_centerLatitude_expiration;Maps Marker Pro;Unknown;with unknown functionality;at least one session;Maps Marker Pro;https://cookiedatabase.org/service/maps-marker-pro/
_mkto_trk;Marketo;Marketing;toStore and track interaction.;2 years;Marketo;https://cookiedatabase.org/service/marketo/
_$Maps_centerLongitude_expiration;Maps Marker Pro;Unknown;with unknown functionality;at least one session;Maps Marker Pro;https://cookiedatabase.org/service/maps-marker-pro/
google_classroom_popup;Masterstudy;Functional;toprovide a responsive website.;various;Masterstudy;https://cookiedatabase.org/service/masterstudy/
mat_tel;Matelso;Functional;tostore settings.;2 years;Matelso;https://cookiedatabase.org/service/matelso/
HRL8;MathTag;Unknown;with unknown functionality;at least one session;MathTag;https://cookiedatabase.org/service/mathtag/
mat_ep;Matelso;Marketing;tostore referrer ID's.;1 year;Matelso;https://cookiedatabase.org/service/matelso/
uuidc;MathTag;Unknown;with unknown functionality;at least one session;MathTag;https://cookiedatabase.org/service/mathtag/
uuid;MathTag;Unknown;with unknown functionality;at least one session;MathTag;https://cookiedatabase.org/service/mathtag/
mtm_cookie_consent;Matomo;Functional;tostore cookie consent preferences.;30 years;Matomo;https://cookiedatabase.org/service/matomo/
mtm_consent;Matomo;Functional;tostore cookie consent preferences.;at least one session;Matomo;https://cookiedatabase.org/service/matomo/
mtm_consent_removed;Matomo;Functional;tostore cookie consent preferences.;at least one session;Matomo;https://cookiedatabase.org/service/matomo/
mtm-csm-initialised;Matomo;Functional;tostore cookie consent preferences.;at least one session;Matomo;https://cookiedatabase.org/service/matomo/
_pk_testcookie*;Matomo;Statistics (anonymous);tostore and count pageviews.;session;Matomo;https://cookiedatabase.org/service/matomo/
MATOMO_SESSID;Matomo;Functional;toprovide fraud prevention.;session;Matomo;https://cookiedatabase.org/service/matomo/
piwik_ignore;Matomo;Statistics (anonymous);with unknown functionality;at least one session;Matomo;https://cookiedatabase.org/service/matomo/
_pk_ses*;Matomo;Statistics (anonymous);tostore a unique session ID.;session;Matomo;https://cookiedatabase.org/service/matomo/
_pk_hsr;Matomo;Statistics (anonymous);with unknown functionality;30 minutes;Matomo;https://cookiedatabase.org/service/matomo/
_pk_id*;Matomo;Statistics (anonymous);tostore a unique user ID.;13 months;Matomo;https://cookiedatabase.org/service/matomo/
mtc_id;Mautic;Unknown;tostore a unique user ID.;session;Mautic;https://cookiedatabase.org/service/mautic/
mtc_sid;Mautic;Unknown;tostore a unique user ID.;session;Mautic;https://cookiedatabase.org/service/mautic/
mautic_device_id;Mautic;Marketing;toStore and track interaction.;1 year;Mautic;https://cookiedatabase.org/service/mautic/
mautic_referer_id;Mautic;Functional;tostore referrer ID's.;30 minutes;Mautic;https://cookiedatabase.org/service/mautic/
mautic_focus_*;Mautic;Functional;toprovide a responsive website.;various;Mautic;https://cookiedatabase.org/service/mautic/
maxmegamenu.themeeditor;Max Mega Menu;Functional;with unknown functionality;at least one session;Max Mega Menu;https://cookiedatabase.org/service/max-mega-menu/
trustedsite_visit;McAfee;Statistics;tostore number of visits.;persistent;McAfee;https://cookiedatabase.org/service/mcafee/
mautic_session_id;Mautic;Marketing;tostore a unique session ID.;1 year;Mautic;https://cookiedatabase.org/service/mautic/
metaslider-vuex*;Metaslider;Functional;with unknown functionality;at least one session;Metaslider;https://cookiedatabase.org/service/metaslider/
mediavine_session;Mediavine;Unknown;with unknown functionality;1 day;Mediavine;https://cookiedatabase.org/service/mediavine/
_uetvid;Microsoft Ads;Marketing;tostore and track visits across websites.;13 months;Microsoft Ads;https://cookiedatabase.org/service/bing-ads/
_uetvid_exp;Microsoft Ads;Functional;with unknown functionality;persistent;Microsoft Ads;https://cookiedatabase.org/service/bing-ads/
_uetmsclkid;Microsoft Ads;Marketing;tostore performed actions on the website.;session;Microsoft Ads;https://cookiedatabase.org/service/bing-ads/
_uetsid_exp;Microsoft Ads;Functional;with unknown functionality;persistent;Microsoft Ads;https://cookiedatabase.org/service/bing-ads/
_cltk;Microsoft Clarity;Statistics;toStore and track interaction.;at least one session;Microsoft Clarity;https://cookiedatabase.org/service/microsoft/
_uetsid;Microsoft Ads;Marketing;tostore and track visits across websites.;1 day;Microsoft Ads;https://cookiedatabase.org/service/bing-ads/
_clck;Microsoft Clarity;Marketing;tostore a unique user ID.;1 year;Microsoft Clarity;https://cookiedatabase.org/service/microsoft/
_clsk;Microsoft Clarity;Statistics;tostore and combine pageviews by a user into a single session recording.;1 day;Microsoft Clarity;https://cookiedatabase.org/service/microsoft/
ANONCHK;Microsoft Clarity;Marketing;with unknown functionality;at least one session;Microsoft Clarity;https://cookiedatabase.org/service/microsoft/
MUID;Microsoft Clarity;Marketing;tostore and track visits across websites.;1 year;Microsoft Clarity;https://cookiedatabase.org/service/microsoft/
mp_*_mixpanel;Mixpanel;Statistics;with unknown functionality;1 year;Mixpanel;https://cookiedatabase.org/service/mixpanel/
*_mixpanel;Mixpanel;Statistics;with unknown functionality;1 year;Mixpanel;https://cookiedatabase.org/service/mixpanel/
mixpanel_distinct_id;Mixpanel;Marketing;tostore a unique user ID,store account details.;persistent;Mixpanel;https://cookiedatabase.org/service/mixpanel/
mixpanel;Mixpanel;Statistics;with unknown functionality;1 year;Mixpanel;https://cookiedatabase.org/service/mixpanel/
mphb_check_in_date;MotoPress;Functional;tostore user preferences.;session;MotoPress;https://cookiedatabase.org/service/motopress/
mphb_check_out_date;MotoPress;Functional;tostore user preferences.;session;MotoPress;https://cookiedatabase.org/service/motopress/
mphb_checkout_step;MotoPress;Functional;tostore user preferences.;session;MotoPress;https://cookiedatabase.org/service/motopress/
mphb_rooms_details;MotoPress;Functional;tostore user preferences.;session;MotoPress;https://cookiedatabase.org/service/motopress/
mphb_session;MotoPress;Unknown;with unknown functionality;session;MotoPress;https://cookiedatabase.org/service/motopress/
*_mf;MouseFlow;Unknown;with unknown functionality;at least one session;MouseFlow;https://cookiedatabase.org/service/mouseflow/
mt_unique_id;My Tickets;Unknown;with unknown functionality;1 week;My Tickets;https://cookiedatabase.org/service/my-tickets/
_mccss_enable_invisibles_;Mycustomcss;Unknown;with unknown functionality;at least one session;Mycustomcss;https://cookiedatabase.org/service/mycustomcss/
mr_post_save_rating-*;Multi Rating;Unknown;with unknown functionality;at least one session;Multi Rating;https://cookiedatabase.org/service/multi-rating/
ei_client_id;New Relic;Unknown;with unknown functionality;at least one session;New Relic;https://cookiedatabase.org/service/new-relic/
NRREFP;New Relic;Unknown;with unknown functionality;at least one session;New Relic;https://cookiedatabase.org/service/new-relic/
NRREFL;New Relic;Unknown;with unknown functionality;at least one session;New Relic;https://cookiedatabase.org/service/new-relic/
nitropack_apwarning;Nitropack;Functional;with unknown functionality;at least one session;Nitropack;https://cookiedatabase.org/service/nitropack/
NRMLID;New Relic;Unknown;with unknown functionality;at least one session;New Relic;https://cookiedatabase.org/service/new-relic/
NRMPID;New Relic;Unknown;with unknown functionality;at least one session;New Relic;https://cookiedatabase.org/service/new-relic/
nitroCachedPage;Nitropack;Functional;toprovide load balancing functionality.;at least one session;Nitropack;https://cookiedatabase.org/service/nitropack/
olark-next-convo-id;Olark;Functional;with unknown functionality;persistent;Olark;https://cookiedatabase.org/service/olark/
_okdetect;Olark;Unknown;with unknown functionality;at least one session;Olark;https://cookiedatabase.org/service/olark/
nitropack_webhook_sync;Nitropack;Functional;toprovide functions across pages.;at least one session;Nitropack;https://cookiedatabase.org/service/nitropack/
_okck;Olark;Unknown;with unknown functionality;at least one session;Olark;https://cookiedatabase.org/service/olark/
_okla;Olark;Unknown;with unknown functionality;at least one session;Olark;https://cookiedatabase.org/service/olark/
_okac;Olark;Unknown;with unknown functionality;at least one session;Olark;https://cookiedatabase.org/service/olark/
_okgid;Olark;Unknown;with unknown functionality;at least one session;Olark;https://cookiedatabase.org/service/olark/
_oklv;Olark;Unknown;with unknown functionality;at least one session;Olark;https://cookiedatabase.org/service/olark/
olfsk;Olark;Unknown;with unknown functionality;at least one session;Olark;https://cookiedatabase.org/service/olark/
ONESIGNAL_HTTP_PROMPT_SHOWN;One Signal;Unknown;with unknown functionality;at least one session;One Signal;https://cookiedatabase.org/service/one-signal/
_okbk;Olark;Unknown;with unknown functionality;at least one session;Olark;https://cookiedatabase.org/service/olark/
_ok;Olark;Unknown;with unknown functionality;at least one session;Olark;https://cookiedatabase.org/service/olark/
isPushNotificationsEnabled;One Signal;Marketing;with unknown functionality;persistent;One Signal;https://cookiedatabase.org/service/one-signal/
onesignal-notification-prompt;One Signal;Unknown;tostore if a message has been dismissed.;persistent;One Signal;https://cookiedatabase.org/service/one-signal/
isOptedOut;One Signal;Marketing;with unknown functionality;persistent;One Signal;https://cookiedatabase.org/service/one-signal/
onesignal-pageview-count;One Signal;Unknown;tostore and count pageviews.;session;One Signal;https://cookiedatabase.org/service/one-signal/
OptanonChoice;OneTrust;Functional;tostore cookie consent preferences.;1 year;OneTrust;https://cookiedatabase.org/service/onetrust/
OptanonConsent;OneTrust;Functional;tostore cookie consent preferences.;1 year;OneTrust;https://cookiedatabase.org/service/onetrust/
dao-Mailing-MailingListSegment;OnlineAfspraken;Unknown;with unknown functionality;persistent;OnlineAfspraken;https://cookiedatabase.org/service/onlineafspraken/
cacher-requests-Booking-Capacity-Group;OnlineAfspraken;Functional;with unknown functionality;persistent;OnlineAfspraken;https://cookiedatabase.org/service/onlineafspraken/
dao-Booking-Capacity-Group;OnlineAfspraken;Functional;with unknown functionality;persistent;OnlineAfspraken;https://cookiedatabase.org/service/onlineafspraken/
cacher-requests-Mailing-MailingListSegment;OnlineAfspraken;Functional;with unknown functionality;persistent;OnlineAfspraken;https://cookiedatabase.org/service/onlineafspraken/
dao-Mailing-MailingList;OnlineAfspraken;Unknown;with unknown functionality;persistent;OnlineAfspraken;https://cookiedatabase.org/service/onlineafspraken/
cacher-requests-Mailing-MailingList;OnlineAfspraken;Functional;with unknown functionality;persistent;OnlineAfspraken;https://cookiedatabase.org/service/onlineafspraken/
cacher-requests-Mailing-Campaign;OnlineAfspraken;Unknown;with unknown functionality;persistent;OnlineAfspraken;https://cookiedatabase.org/service/onlineafspraken/
cacher-requests-ConsumerForm-Form;OnlineAfspraken;Unknown;with unknown functionality;persistent;OnlineAfspraken;https://cookiedatabase.org/service/onlineafspraken/
cacher-requests-ConsumerForm-Field;OnlineAfspraken;Unknown;with unknown functionality;persistent;OnlineAfspraken;https://cookiedatabase.org/service/onlineafspraken/
dao-ConsumerForm-FieldLink;OnlineAfspraken;Unknown;with unknown functionality;persistent;OnlineAfspraken;https://cookiedatabase.org/service/onlineafspraken/
OCSESSID;OpenCart;Functional;toprovide functions across pages.;session;OpenCart;https://cookiedatabase.org/service/opencart/
onwbchtsessionrandom;OnWebChat;Marketing;with unknown functionality;at least one session;OnWebChat;https://cookiedatabase.org/service/onwebchat/
onwbchttimesVisited;OnWebChat;Marketing;tostore number of visits.;at least one session;OnWebChat;https://cookiedatabase.org/service/onwebchat/
onwbchtlastvisit;OnWebChat;Marketing;tostore last visit.;at least one session;OnWebChat;https://cookiedatabase.org/service/onwebchat/
onwbchtblocked;OnWebChat;Marketing;toprovide functions across pages.;at least one session;OnWebChat;https://cookiedatabase.org/service/onwebchat/
onwbchtclientid;OnWebChat;Marketing;tostore a unique user ID.;at least one session;OnWebChat;https://cookiedatabase.org/service/onwebchat/
PROFICMS_SESSION_*;onOffice;Functional;tostore user preferences.;5 days;onOffice;https://cookiedatabase.org/service/onoffice/
onwbchtSound;OnWebChat;Functional;tostore user preferences.;at least one session;OnWebChat;https://cookiedatabase.org/service/onwebchat/
optimizely_data*;Optimizely;Unknown;with unknown functionality;at least one session;Optimizely;https://cookiedatabase.org/service/optimizely/
optimizelyOptOut;Optimizely;Functional;tostore cookie consent preferences.;persistent;Optimizely;https://cookiedatabase.org/service/optimizely/
optimizely_data*layer_map;Optimizely;Unknown;with unknown functionality;at least one session;Optimizely;https://cookiedatabase.org/service/optimizely/
optimizely_data$$pending_events;Optimizely;Functional;with unknown functionality;persistent;Optimizely;https://cookiedatabase.org/service/optimizely/
optimizely_data*variation_map;Optimizely;Unknown;with unknown functionality;at least one session;Optimizely;https://cookiedatabase.org/service/optimizely/
optimizely_data*layer_states;Optimizely;Unknown;with unknown functionality;at least one session;Optimizely;https://cookiedatabase.org/service/optimizely/
optimizely_data*event_queue;Optimizely;Unknown;with unknown functionality;at least one session;Optimizely;https://cookiedatabase.org/service/optimizely/
optimizely_data*events;Optimizely;Unknown;with unknown functionality;at least one session;Optimizely;https://cookiedatabase.org/service/optimizely/
optimizely_data*visitor_profile;Optimizely;Unknown;with unknown functionality;at least one session;Optimizely;https://cookiedatabase.org/service/optimizely/
fca_eoi_pagecount;Optin Forms;Statistics;tostore and count pageviews.;at least one session;Optin Forms;https://cookiedatabase.org/service/optin-forms/
optimizely_data*session_state;Optimizely;Unknown;with unknown functionality;at least one session;Optimizely;https://cookiedatabase.org/service/optimizely/
op_*;OptimizePress;Unknown;with unknown functionality;at least one session;OptimizePress;https://cookiedatabase.org/service/optimizepress/
op_arrows_*;OptimizePress;Unknown;with unknown functionality;at least one session;OptimizePress;https://cookiedatabase.org/service/optimizepress/
omWpApi;OptinMonster;Marketing;with unknown functionality;at least one session;OptinMonster;https://cookiedatabase.org/service/optinmonster/
omFoldersClosed;OptinMonster;Preferences;tostore if a message has been dismissed.;persistent;OptinMonster;https://cookiedatabase.org/service/optinmonster/
omFoldersOptin;OptinMonster;Preferences;tostore if a message has been dismissed.;persistent;OptinMonster;https://cookiedatabase.org/service/optinmonster/
omFoldersSeen;OptinMonster;Preferences;tostore if a message has been dismissed.;persistent;OptinMonster;https://cookiedatabase.org/service/optinmonster/
om-session-start;OptinMonster;Marketing;tostore time of visit.;session;OptinMonster;https://cookiedatabase.org/service/optinmonster/
om-session-pageviews;OptinMonster;Marketing;tostore and count pageviews.;session;OptinMonster;https://cookiedatabase.org/service/optinmonster/
omSessionPageviews;OptinMonster;Statistics;tostore and count pageviews.;session;OptinMonster;https://cookiedatabase.org/service/optinmonster/
omSessionStart;OptinMonster;Statistics;tostore time of visit.;session;OptinMonster;https://cookiedatabase.org/service/optinmonster/
omVisitsFirst;OptinMonster;Statistics;tostore a unique user ID.;persistent;OptinMonster;https://cookiedatabase.org/service/optinmonster/
omVisits;OptinMonster;Statistics;tostore number of visits.;persistent;OptinMonster;https://cookiedatabase.org/service/optinmonster/
aHistoryArticles;oxid;Functional;tostore items in shopping cart.;session;oxid;https://cookiedatabase.org/service/oxid/
cmHistory;oxid;Unknown;with unknown functionality;at least one session;oxid;https://cookiedatabase.org/service/oxid/
cookienote;oxid;Unknown;with unknown functionality;at least one session;oxid;https://cookiedatabase.org/service/oxid/
oxid_oxbaseshop;oxid;Unknown;with unknown functionality;at least one session;oxid;https://cookiedatabase.org/service/oxid/
oxid_oxbaseshop_autologin;oxid;Unknown;with unknown functionality;at least one session;oxid;https://cookiedatabase.org/service/oxid/
oribi_user_guid;Oribi;Statistics;with unknown functionality;at least one session;Oribi;https://cookiedatabase.org/service/oribi/
oxyPowerPack;Oxygen Builder;Functional;with unknown functionality;at least one session;Oxygen Builder;https://cookiedatabase.org/service/oxygen-builder/
oxy-modal-*-last-shown-time;Oxygen Builder;Functional;toprovide a responsive website.;session;Oxygen Builder;https://cookiedatabase.org/service/oxygen-builder/
oribi_session;Oribi;Statistics;with unknown functionality;session;Oribi;https://cookiedatabase.org/service/oribi/
pmpro_visit;Paid Membership Pro;Preferences;tostore if a message has been shown.;session;Paid Membership Pro;https://cookiedatabase.org/service/paid_membership_pro/
LPV*;Pardot;Statistics;tostore and count pageviews.;30 minutes;Pardot;https://cookiedatabase.org/service/pardot/
pardot;Pardot;Functional;tostore and track if the browser tab is active.;session;Pardot;https://cookiedatabase.org/service/pardot/
pi_opt_in*;Pardot;Functional;tostore privacy preferences.;persistent;Pardot;https://cookiedatabase.org/service/pardot/
visitor_id*;Pardot;Marketing;tostore a unique user ID.;various;Pardot;https://cookiedatabase.org/service/pardot/
__d_pardot;Pardot;Marketing;tostore a unique user ID.;10 years;Pardot;https://cookiedatabase.org/service/pardot/
visitor_id*-hash;Pardot;Functional;toprovide protection against hackers.;persistent;Pardot;https://cookiedatabase.org/service/pardot/
nsid;PayPal;Functional;toprovide fraud prevention.;session;PayPal;https://cookiedatabase.org/service/paypal/
enforce_policy;PayPal;Functional;tostore privacy preferences.;1 year;PayPal;https://cookiedatabase.org/service/paypal/
ts_c;PayPal;Functional;toprovide fraud prevention.;3 years;PayPal;https://cookiedatabase.org/service/paypal/
tsrce;PayPal;Functional;with unknown functionality;3 days;PayPal;https://cookiedatabase.org/service/paypal/
paypal;PayPal;Functional;toprovide fraud prevention.;persistent;PayPal;https://cookiedatabase.org/service/paypal/
t3D;Pagebuilder (Various);Functional;toprovide a responsive website.;persistent;Pagebuilder (Various);https://cookiedatabase.org/service/pagebuilder/
tTDe;Pagebuilder (Various);Functional;toprovide a responsive website.;persistent;Pagebuilder (Various);https://cookiedatabase.org/service/pagebuilder/
tTDu;Pagebuilder (Various);Functional;toprovide a responsive website.;persistent;Pagebuilder (Various);https://cookiedatabase.org/service/pagebuilder/
__paypal_storage__;PayPal;Functional;tostore account details.;persistent;PayPal;https://cookiedatabase.org/service/paypal/
tTf;Pagebuilder (Various);Functional;toprovide a responsive website.;persistent;Pagebuilder (Various);https://cookiedatabase.org/service/pagebuilder/
tAE;Pagebuilder (Various);Functional;toprovide a responsive website.;persistent;Pagebuilder (Various);https://cookiedatabase.org/service/pagebuilder/
tADe;Pagebuilder (Various);Functional;toprovide a responsive website.;persistent;Pagebuilder (Various);https://cookiedatabase.org/service/pagebuilder/
tMQ;Pagebuilder (Various);Functional;toprovide a responsive website.;persistent;Pagebuilder (Various);https://cookiedatabase.org/service/pagebuilder/
tPL;Pagebuilder (Various);Functional;toprovide a responsive website.;persistent;Pagebuilder (Various);https://cookiedatabase.org/service/pagebuilder/
tTE;Pagebuilder (Various);Functional;toprovide a responsive website.;persistent;Pagebuilder (Various);https://cookiedatabase.org/service/pagebuilder/
tnsApp;Pagebuilder (Various);Functional;toprovide a responsive website.;persistent;Pagebuilder (Various);https://cookiedatabase.org/service/pagebuilder/
auto_saved_sql;phpMyAdmin;Functional;with unknown functionality;persistent;phpMyAdmin;https://cookiedatabase.org/service/phpmyadmin/
exp*;PHP;Functional;toprovide functions across pages.;at least one session;PHP;https://cookiedatabase.org/service/php/
acgroupswithpersist;PHP;Functional;toprovide persistent item display functionality.;session;PHP;https://cookiedatabase.org/service/php/
PHPSESSID;PHP;Functional;toprovide functions across pages.;session;PHP;https://cookiedatabase.org/service/php/
_piggy.alternateStore;Piggy;Unknown;with unknown functionality;at least one session;Piggy;https://cookiedatabase.org/service/piggy/
_piggy.codes;Piggy;Unknown;with unknown functionality;at least one session;Piggy;https://cookiedatabase.org/service/piggy/
_piggy.cashback;Piggy;Unknown;with unknown functionality;at least one session;Piggy;https://cookiedatabase.org/service/piggy/
_piggy.events;Piggy;Unknown;with unknown functionality;at least one session;Piggy;https://cookiedatabase.org/service/piggy/
_piggy.codeDetails;Piggy;Unknown;with unknown functionality;at least one session;Piggy;https://cookiedatabase.org/service/piggy/
_piggy.storeDetails;Piggy;Unknown;with unknown functionality;at least one session;Piggy;https://cookiedatabase.org/service/piggy/
_piggy.cb;Piggy;Unknown;with unknown functionality;at least one session;Piggy;https://cookiedatabase.org/service/piggy/
_piggy.ruleset;Piggy;Unknown;with unknown functionality;at least one session;Piggy;https://cookiedatabase.org/service/piggy/
_piggy.state;Piggy;Unknown;with unknown functionality;at least one session;Piggy;https://cookiedatabase.org/service/piggy/
_pin_unauth;Pinterest;Marketing;tostore the user's usage history.;1 day;Pinterest;https://cookiedatabase.org/service/pinterest/
pitchprint_sessId;PitchPrint;Functional;tostore a unique session ID.;session;PitchPrint;https://cookiedatabase.org/service/pitchprint/
DOPBSP_reservations_calendar;Pinpoint;Unknown;with unknown functionality;at least one session;Pinpoint;https://cookiedatabase.org/service/pinpoint/
DOPBSP_reservations_payment_methods;Pinpoint;Unknown;with unknown functionality;at least one session;Pinpoint;https://cookiedatabase.org/service/pinpoint/
DOPBSP_reservations_status_pending;Pinpoint;Unknown;with unknown functionality;at least one session;Pinpoint;https://cookiedatabase.org/service/pinpoint/
DOPBSP_reservations_per_page;Pinpoint;Unknown;with unknown functionality;at least one session;Pinpoint;https://cookiedatabase.org/service/pinpoint/
DOPBSP_reservations_status_approved;Pinpoint;Unknown;with unknown functionality;at least one session;Pinpoint;https://cookiedatabase.org/service/pinpoint/
DOPBSP_reservations_view;Pinpoint;Unknown;with unknown functionality;at least one session;Pinpoint;https://cookiedatabase.org/service/pinpoint/
DOPBSP_reservations_order_by;Pinpoint;Unknown;with unknown functionality;at least one session;Pinpoint;https://cookiedatabase.org/service/pinpoint/
DOPBSP_reservations_order;Pinpoint;Unknown;with unknown functionality;at least one session;Pinpoint;https://cookiedatabase.org/service/pinpoint/
DOPBSP_reservations_status_rejected;Pinpoint;Unknown;with unknown functionality;at least one session;Pinpoint;https://cookiedatabase.org/service/pinpoint/
DOPBSP_reservations_status_expired;Pinpoint;Unknown;with unknown functionality;at least one session;Pinpoint;https://cookiedatabase.org/service/pinpoint/
pipedriveLeadboosterIsChatOpen_*;Pipedrive;Unknown;with unknown functionality;at least one session;Pipedrive;https://cookiedatabase.org/service/pipedrive/
pipedriveLeadboosterHasChatBeenOpened_*;Pipedrive;Unknown;with unknown functionality;at least one session;Pipedrive;https://cookiedatabase.org/service/pipedrive/
po_assigned_roles;Plugin Organizer;Unknown;with unknown functionality;at least one session;Plugin Organizer;https://cookiedatabase.org/service/plugin-organizer/
podium-website-widget-prompt-dismissed;Podium;Functional;tostore if a message has been dismissed.;1 day;Podium;https://cookiedatabase.org/service/podium/
podium-website-widget-user;Podium;Marketing;tostore information for remarketing purposes.;1 day;Podium;https://cookiedatabase.org/service/podium/
podium-website-widget-session-id;Podium;Marketing;tostore a unique session ID.;1 day;Podium;https://cookiedatabase.org/service/podium/
podium-website-widget-user-id;Podium;Marketing;tostore a unique user ID.;1 day;Podium;https://cookiedatabase.org/service/podium/
plesk-list-type;Plesk;Unknown;with unknown functionality;at least one session;Plesk;https://cookiedatabase.org/service/plesk/
plesk-items-per-page;Plesk;Unknown;with unknown functionality;at least one session;Plesk;https://cookiedatabase.org/service/plesk/
plesk-sort-dir;Plesk;Unknown;with unknown functionality;at least one session;Plesk;https://cookiedatabase.org/service/plesk/
plesk-sort-field;Plesk;Unknown;with unknown functionality;at least one session;Plesk;https://cookiedatabase.org/service/plesk/
PLESKSESSID_INSECURE;Plesk;Unknown;with unknown functionality;at least one session;Plesk;https://cookiedatabase.org/service/plesk/
PLESKSESSID;Plesk;Unknown;with unknown functionality;at least one session;Plesk;https://cookiedatabase.org/service/plesk/
plesk-ga-remember*;Plesk;Unknown;with unknown functionality;at least one session;Plesk;https://cookiedatabase.org/service/plesk/
plesk-ext-social-login-jwt-session;Plesk;Unknown;with unknown functionality;at least one session;Plesk;https://cookiedatabase.org/service/plesk/
pysAddToCartFragmentId;PixelYourSite;Unknown;with unknown functionality;at least one session;PixelYourSite;https://cookiedatabase.org/service/pixelyoursite/
pys_utm_medium;PixelYourSite;Statistics;toProvide parameters to URLs to identify the campaigns that refer traffic.;1 day;PixelYourSite;https://cookiedatabase.org/service/pixelyoursite/
pys_woo_purchase_order_id_facebook;PixelYourSite;Unknown;with unknown functionality;at least one session;PixelYourSite;https://cookiedatabase.org/service/pixelyoursite/
pys_utm_content;PixelYourSite;Statistics;toProvide parameters to URLs to identify the campaigns that refer traffic.;1 day;PixelYourSite;https://cookiedatabase.org/service/pixelyoursite/
pys_fb_pixel_utm_campaign;PixelYourSite;Unknown;with unknown functionality;at least one session;PixelYourSite;https://cookiedatabase.org/service/pixelyoursite/
pys_fb_pixel_utm_term;PixelYourSite;Unknown;with unknown functionality;at least one session;PixelYourSite;https://cookiedatabase.org/service/pixelyoursite/
pys_fb_pixel_traffic_source;PixelYourSite;Unknown;with unknown functionality;at least one session;PixelYourSite;https://cookiedatabase.org/service/pixelyoursite/
pys_fb_pixel_utm_source;PixelYourSite;Unknown;with unknown functionality;at least one session;PixelYourSite;https://cookiedatabase.org/service/pixelyoursite/
pys_fb_event_id;PixelYourSite;Marketing;tostore information for remarketing purposes.;session;PixelYourSite;https://cookiedatabase.org/service/pixelyoursite/
pys_landing_page;PixelYourSite;Statistics;tostore which page was visited first.;session;PixelYourSite;https://cookiedatabase.org/service/pixelyoursite/
pll_language;Polylang;Functional;tostore language settings.;persistent;Polylang;https://cookiedatabase.org/service/polylang/
poptin_user_id;Poptin;Unknown;with unknown functionality;at least one session;Poptin;https://cookiedatabase.org/service/poptin/
poptin_old_user;Poptin;Unknown;with unknown functionality;at least one session;Poptin;https://cookiedatabase.org/service/poptin/
poptin_session;Poptin;Unknown;with unknown functionality;at least one session;Poptin;https://cookiedatabase.org/service/poptin/
poptin_user_country_code;Poptin;Unknown;with unknown functionality;at least one session;Poptin;https://cookiedatabase.org/service/poptin/
poptin_user_ip;Poptin;Unknown;with unknown functionality;at least one session;Poptin;https://cookiedatabase.org/service/poptin/
poptin_client_id;Poptin;Unknown;with unknown functionality;at least one session;Poptin;https://cookiedatabase.org/service/poptin/
poptin_every_visit_session;Poptin;Unknown;with unknown functionality;at least one session;Poptin;https://cookiedatabase.org/service/poptin/
poptin_referrer;Poptin;Unknown;with unknown functionality;at least one session;Poptin;https://cookiedatabase.org/service/poptin/
poptin_origin_landing_page;Poptin;Unknown;with unknown functionality;at least one session;Poptin;https://cookiedatabase.org/service/poptin/
poptin_d_a_x_v_*;Poptin;Unknown;with unknown functionality;at least one session;Poptin;https://cookiedatabase.org/service/poptin/
__pdst;Podsights;Statistics;toStore and track interaction.;persistent;Podsights;https://cookiedatabase.org/service/podsights/
paoc_popup_sess_cookie;Popup Anything;Functional;toprovide a responsive website.;session;Popup Anything;https://cookiedatabase.org/service/popup-anything/
SGPBShowingLimitationHomePage*;PopUp Builder;Unknown;with unknown functionality;at least one session;PopUp Builder;https://cookiedatabase.org/service/popupbuilder/
SGPBShowingLimitationPage*;PopUp Builder;Unknown;with unknown functionality;at least one session;PopUp Builder;https://cookiedatabase.org/service/popupbuilder/
popupally-cookie-*;Popupally;Unknown;with unknown functionality;at least one session;Popupally;https://cookiedatabase.org/service/popupally/
SGPBShowingLimitationDomain*;PopUp Builder;Functional;tostore if a message has been shown.;session;PopUp Builder;https://cookiedatabase.org/service/popupbuilder/
openSnippets;Post Snippets;Functional;toprovide functions across pages.;persistent;Post Snippets;https://cookiedatabase.org/service/post-snippets/
pum-*;Popup Maker;Unknown;with unknown functionality;at least one session;Popup Maker;https://cookiedatabase.org/service/popup-maker/
PrestaShop-*;PrestaShop;Unknown;with unknown functionality;at least one session;PrestaShop;https://cookiedatabase.org/service/prestashop/
pvc_visits_*;Posts View Counter;Unknown;with unknown functionality;at least one session;Posts View Counter;https://cookiedatabase.org/service/posts-view-counter/
pvc_visits;Posts View Counter;Functional;tostore and count pageviews.;1 day;Posts View Counter;https://cookiedatabase.org/service/posts-view-counter/
prli_visitor;Pretty Links;Statistics;with unknown functionality;1 year;Pretty Links;https://cookiedatabase.org/service/pretty-links/
prli_click_*;Pretty Links;Statistics (anonymous);tostore number of visits.;1 year;Pretty Links;https://cookiedatabase.org/service/pretty-links/
pg_beacon;PubGuru;Marketing;with unknown functionality;persistent;PubGuru;https://cookiedatabase.org/service/pubguru/
pg_session_depth;PubGuru;Marketing;tostore number of visits.;persistent;PubGuru;https://cookiedatabase.org/service/pubguru/
pg_pv_time_*;PubGuru;Marketing;tostore and count pageviews.;1 day;PubGuru;https://cookiedatabase.org/service/pubguru/
pg_keypress;PubGuru;Marketing;tostore performed actions on the website.;1 day;PubGuru;https://cookiedatabase.org/service/pubguru/
pg_click;PubGuru;Unknown;with unknown functionality;at least one session;PubGuru;https://cookiedatabase.org/service/pubguru/
pg_mouse_move;PubGuru;Unknown;with unknown functionality;at least one session;PubGuru;https://cookiedatabase.org/service/pubguru/
pg_bot_model;PubGuru;Unknown;with unknown functionality;at least one session;PubGuru;https://cookiedatabase.org/service/pubguru/
pg_tc_response_time;PubGuru;Unknown;with unknown functionality;at least one session;PubGuru;https://cookiedatabase.org/service/pubguru/
pg_ip;PubGuru;Marketing;toread user IP address.;1 month;PubGuru;https://cookiedatabase.org/service/pubguru/
pg_awidth;PubGuru;Unknown;with unknown functionality;at least one session;PubGuru;https://cookiedatabase.org/service/pubguru/
purechat_lead_capture_expanded;Pure Chat;Unknown;with unknown functionality;at least one session;Pure Chat;https://cookiedatabase.org/service/pure-chat/
purechat_acquisition_source;Pure Chat;Unknown;with unknown functionality;at least one session;Pure Chat;https://cookiedatabase.org/service/pure-chat/
purechat_expandSource;Pure Chat;Unknown;with unknown functionality;at least one session;Pure Chat;https://cookiedatabase.org/service/pure-chat/
purechat_hasHadChat;Pure Chat;Unknown;with unknown functionality;at least one session;Pure Chat;https://cookiedatabase.org/service/pure-chat/
purechat_roomId;Pure Chat;Unknown;with unknown functionality;at least one session;Pure Chat;https://cookiedatabase.org/service/pure-chat/
purechat_userId;Pure Chat;Unknown;with unknown functionality;at least one session;Pure Chat;https://cookiedatabase.org/service/pure-chat/
purechat_lastActivity;Pure Chat;Unknown;with unknown functionality;at least one session;Pure Chat;https://cookiedatabase.org/service/pure-chat/
purechat_chatClosed;Pure Chat;Unknown;with unknown functionality;at least one session;Pure Chat;https://cookiedatabase.org/service/pure-chat/
purechat_chatId;Pure Chat;Unknown;with unknown functionality;at least one session;Pure Chat;https://cookiedatabase.org/service/pure-chat/
purechat_authToken;Pure Chat;Unknown;with unknown functionality;at least one session;Pure Chat;https://cookiedatabase.org/service/pure-chat/
qala-minicart-item-count;qala;Functional;tostore items in shopping cart.;1 year;qala;https://cookiedatabase.org/service/qala/
qala-minicart.initialized;qala;Functional;tostore items in shopping cart.;1 year;qala;https://cookiedatabase.org/service/qala/
qala_geo_ip_checkout_visited;qala;Marketing;with unknown functionality;1 year;qala;https://cookiedatabase.org/service/qala/
qala_geo_ip_header_visited;qala;Functional;tostore last visit.;1 year;qala;https://cookiedatabase.org/service/qala/
qtrans_edit_language;Q Translate;Functional;tostore language settings.;at least one session;Q Translate;https://cookiedatabase.org/service/q-translate/
qtrans_admin_language;Q Translate;Functional;tostore language settings.;at least one session;Q Translate;https://cookiedatabase.org/service/q-translate/
qtrans_front_language;Q Translate;Functional;tostore language settings.;at least one session;Q Translate;https://cookiedatabase.org/service/q-translate/
ki_r;Qualaroo;Marketing;tostore referring website.;5 years;Qualaroo;https://cookiedatabase.org/service/qualaroo/
ki_t;Qualaroo;Marketing;tostore time of visit.;5 years;Qualaroo;https://cookiedatabase.org/service/qualaroo/
ki_u;Qualaroo;Marketing;tostore a unique user ID.;5 years;Qualaroo;https://cookiedatabase.org/service/qualaroo/
ki_s;Qualaroo;Marketing;tostore dynamic variables from the browser.;5 years;Qualaroo;https://cookiedatabase.org/service/qualaroo/
googlepersonalization;QuantCast;Functional;tostore cookie consent preferences.;1 year;QuantCast;https://cookiedatabase.org/service/quantcast/
__qca;QuantCast;Marketing;tostore and track audience reach.;5 years;QuantCast;https://cookiedatabase.org/service/quantcast/
qbStartCount;Quriobot;Functional;tostore last visit.;persistent;Quriobot;https://cookiedatabase.org/service/quriobot/
qm-container-pinned;Query Monitor;Functional;toprovide functions across pages.;various;Query Monitor;https://cookiedatabase.org/service/query-monitor/
qm-filter-assets_styles-styles-host;Query Monitor;Functional;toprovide functions across pages.;various;Query Monitor;https://cookiedatabase.org/service/query-monitor/
qm-filter-db_queries-type;Query Monitor;Functional;toprovide functions across pages.;various;Query Monitor;https://cookiedatabase.org/service/query-monitor/
qm-filter-db_queries-caller;Query Monitor;Functional;toprovide functions across pages.;various;Query Monitor;https://cookiedatabase.org/service/query-monitor/
qm-admin-container-pinned;Query Monitor;Functional;toprovide functions across pages.;various;Query Monitor;https://cookiedatabase.org/service/query-monitor/
qm-filter-hooks-component;Query Monitor;Functional;toprovide functions across pages.;various;Query Monitor;https://cookiedatabase.org/service/query-monitor/
qm-front-container-pinned;Query Monitor;Functional;toprovide functions across pages.;various;Query Monitor;https://cookiedatabase.org/service/query-monitor/
qm-filter-db_queries-component;Query Monitor;Functional;toprovide functions across pages,store configuration.;various;Query Monitor;https://cookiedatabase.org/service/query-monitor/
qm-container-position;Query Monitor;Functional;toprovide functions across pages.;various;Query Monitor;https://cookiedatabase.org/service/query-monitor/
qm-filter-assets_scripts-scripts-host;Query Monitor;Functional;toprovide functions across pages.;various;Query Monitor;https://cookiedatabase.org/service/query-monitor/
qubelyInteraction;Qubely;Functional;with unknown functionality;persistent;Qubely;https://cookiedatabase.org/service/qubely/
__qubely_layout_count_time;Qubely;Functional;toprovide admin functions.;persistent;Qubely;https://cookiedatabase.org/service/qubely/
__qubely_layout_count;Qubely;Functional;with unknown functionality;persistent;Qubely;https://cookiedatabase.org/service/qubely/
__qubely_block_count_time;Qubely;Functional;toprovide admin functions.;persistent;Qubely;https://cookiedatabase.org/service/qubely/
__qubely_section_count_time;Qubely;Functional;with unknown functionality;persistent;Qubely;https://cookiedatabase.org/service/qubely/
__qubely_block_count;Qubely;Functional;toprovide admin functions.;persistent;Qubely;https://cookiedatabase.org/service/qubely/
qubelyCSS;Qubely;Functional;with unknown functionality;persistent;Qubely;https://cookiedatabase.org/service/qubely/
qubely-global-settings;Qubely;Functional;with unknown functionality;persistent;Qubely;https://cookiedatabase.org/service/qubely/
qubelyFonts;Qubely;Functional;with unknown functionality;persistent;Qubely;https://cookiedatabase.org/service/qubely/
qubelyCopiedStyles;Qubely;Functional;with unknown functionality;persistent;Qubely;https://cookiedatabase.org/service/qubely/
rank-math-option-general-index;Rank Math;Functional;toprovide admin functions.;various;Rank Math;https://cookiedatabase.org/service/rank-math/
rank-math-option-titles-index;Rank Math;Functional;toprovide admin functions.;various;Rank Math;https://cookiedatabase.org/service/rank-math/
rank-math-option-sitemap-index;Rank Math;Functional;toprovide admin functions.;various;Rank Math;https://cookiedatabase.org/service/rank-math/
rank-math-option-search-premium;Rank Math;Unknown;with unknown functionality;at least one session;Rank Math;https://cookiedatabase.org/service/rank-math/
rank-math-option-search-index;Rank Math;Functional;toprovide admin functions.;various;Rank Math;https://cookiedatabase.org/service/rank-math/
DataTables_rsssl-permission-policy-table_*;Really Simple SSL;Functional;toprovide admin functions.;session;Really Simple SSL;https://cookiedatabase.org/service/really-simple-ssl/
rafflepress_email;RafflePress;Marketing;tostore email address.;1 year;RafflePress;https://cookiedatabase.org/service/rafflepress/
rsssl_captcha_uid;Really Simple SSL;Functional;toprovide admin functions.;session;Really Simple SSL;https://cookiedatabase.org/service/really-simple-ssl/
rsssl_task_filter;Really Simple SSL;Functional;tostore if a message has been shown.;various;Really Simple SSL;https://cookiedatabase.org/service/really-simple-ssl/
X-Mapping-*;Riverbed;Functional;toprovide load balancing functionality.;session;Riverbed;https://cookiedatabase.org/service/riverbed/
rockanalytics.*.inProgress;Rock Analytics;Unknown;with unknown functionality;at least one session;Rock Analytics;https://cookiedatabase.org/service/rock-analytics/
rockanalytics.*.queue;Rock Analytics;Unknown;with unknown functionality;at least one session;Rock Analytics;https://cookiedatabase.org/service/rock-analytics/
rockanalytics.*.reclaimStart;Rock Analytics;Unknown;with unknown functionality;at least one session;Rock Analytics;https://cookiedatabase.org/service/rock-analytics/
rockanalytics.*.ack;Rock Analytics;Unknown;with unknown functionality;at least one session;Rock Analytics;https://cookiedatabase.org/service/rock-analytics/
rockanalytics.*.reclaimEnd;Rock Analytics;Unknown;with unknown functionality;at least one session;Rock Analytics;https://cookiedatabase.org/service/rock-analytics/
gfc_id;Rocketgenius;Unknown;with unknown functionality;at least one session;Rocketgenius;https://cookiedatabase.org/service/rocketgenius/
gfc_gf_page;Rocketgenius;Functional;with unknown functionality;at least one session;Rocketgenius;https://cookiedatabase.org/service/rocketgenius/
gfc_elementor_library;Rocketgenius;Functional;with unknown functionality;at least one session;Rocketgenius;https://cookiedatabase.org/service/rocketgenius/
gfc_customize_autosaved;Rocketgenius;Functional;with unknown functionality;at least one session;Rocketgenius;https://cookiedatabase.org/service/rocketgenius/
gfc_complianz_id;Rocketgenius;Unknown;with unknown functionality;at least one session;Rocketgenius;https://cookiedatabase.org/service/rocketgenius/
gfc_complianz_scan_token;Rocketgenius;Functional;with unknown functionality;at least one session;Rocketgenius;https://cookiedatabase.org/service/rocketgenius/
gfc_customize_messenger_channel;Rocketgenius;Functional;with unknown functionality;at least one session;Rocketgenius;https://cookiedatabase.org/service/rocketgenius/
gfc_customize_changeset_uuid;Rocketgenius;Unknown;with unknown functionality;at least one session;Rocketgenius;https://cookiedatabase.org/service/rocketgenius/
gfc_ver;Rocketgenius;Functional;with unknown functionality;at least one session;Rocketgenius;https://cookiedatabase.org/service/rocketgenius/
rl_page_init_referring_domain;RudderStack;Marketing;tostore referring website.;1 year;RudderStack;https://cookiedatabase.org/service/rudderstack/
gfc_planID;Rocketgenius;Unknown;with unknown functionality;at least one session;Rocketgenius;https://cookiedatabase.org/service/rocketgenius/
rl_group_id;RudderStack;Marketing;with unknown functionality;1 year;RudderStack;https://cookiedatabase.org/service/rudderstack/
rl_group_trait;RudderStack;Marketing;with unknown functionality;1 year;RudderStack;https://cookiedatabase.org/service/rudderstack/
rl_page_init_referrer;RudderStack;Marketing;tostore referring website.;1 year;RudderStack;https://cookiedatabase.org/service/rudderstack/
rl_trait;RudderStack;Marketing;tostore performed actions on the website.;1 year;RudderStack;https://cookiedatabase.org/service/rudderstack/
rl_cookie_test;RudderStack;Functional;toread if cookies can be placed.;session;RudderStack;https://cookiedatabase.org/service/rudderstack/
rl_user_id;RudderStack;Marketing;tostore a unique user ID.;1 year;RudderStack;https://cookiedatabase.org/service/rudderstack/
rl_anonymous_id;RudderStack;Marketing;with unknown functionality;1 year;RudderStack;https://cookiedatabase.org/service/rudderstack/
login_referer;Roundcube;Unknown;with unknown functionality;at least one session;Roundcube;https://cookiedatabase.org/service/roundcube/
roundcube_sessid;Roundcube;Unknown;tostore a unique session ID.;session;Roundcube;https://cookiedatabase.org/service/roundcube/
roundcube_sessauth;Roundcube;Functional;with unknown functionality;session;Roundcube;https://cookiedatabase.org/service/roundcube/
roundcube_cookies;Roundcube;Unknown;with unknown functionality;at least one session;Roundcube;https://cookiedatabase.org/service/roundcube/
roundcube.*;Roundcube;Unknown;with unknown functionality;at least one session;Roundcube;https://cookiedatabase.org/service/roundcube/
__rasel*;Ruler Analytics;Unknown;with unknown functionality;session;Ruler Analytics;https://cookiedatabase.org/service/ruler-analytics/
sailthru_hid;Sailthru;Unknown;with unknown functionality;at least one session;Sailthru;https://cookiedatabase.org/service/sailthru/
sailthru_bid;Sailthru;Unknown;with unknown functionality;at least one session;Sailthru;https://cookiedatabase.org/service/sailthru/
__racplx*;Ruler Analytics;Functional;toprovide functions across pages.;session;Ruler Analytics;https://cookiedatabase.org/service/ruler-analytics/
sailthru_content;Sailthru;Unknown;with unknown functionality;at least one session;Sailthru;https://cookiedatabase.org/service/sailthru/
sailthru_visitor;Sailthru;Unknown;with unknown functionality;at least one session;Sailthru;https://cookiedatabase.org/service/sailthru/
liveagent_sid;Salesforce Liveagent;Functional;tostore a unique session ID.;session;Salesforce Liveagent;https://cookiedatabase.org/service/salesforce_liveagent/
_smc-cid;SALESmanago;Marketing;tostore the status of the chat.;persistent;SALESmanago;https://cookiedatabase.org/service/salesmanago/
_smc-unr;SALESmanago;Marketing;tostore the status of the chat.;persistent;SALESmanago;https://cookiedatabase.org/service/salesmanago/
_smsps;SALESmanago;Marketing;tostore if the user has seen embedded content.;persistent;SALESmanago;https://cookiedatabase.org/service/salesmanago/
smg;SALESmanago;Marketing;tostore a unique user ID.;1 year;SALESmanago;https://cookiedatabase.org/service/salesmanago/
smOViewsPopCap;SALESmanago;Marketing;toprovide functions across pages.;10 years;SALESmanago;https://cookiedatabase.org/service/salesmanago/
smform;SALESmanago;Marketing;toStore and track interaction.;1 year;SALESmanago;https://cookiedatabase.org/service/salesmanago/
smevent;SALESmanago;Marketing;tostore dynamic variables from the browser.;12 hours;SALESmanago;https://cookiedatabase.org/service/salesmanago/
_smps;SALESmanago;Marketing;tostore if the user has seen embedded content.;persistent;SALESmanago;https://cookiedatabase.org/service/salesmanago/
smclient;SALESmanago;Preferences;tostore a unique user ID.;10 years;SALESmanago;https://cookiedatabase.org/service/salesmanago/
smcfds;SALESmanago;Marketing;tostore if the user has seen embedded content.;persistent;SALESmanago;https://cookiedatabase.org/service/salesmanago/
ajs_group_properties;Segment;Statistics;with unknown functionality;persistent;Segment;https://cookiedatabase.org/service/segment/
displayedCookiesNotification;Several;Functional;tostore cookie consent preferences.;session;Several;https://cookiedatabase.org/service/several/
ajs_user_traits;Segment;Statistics;with unknown functionality;persistent;Segment;https://cookiedatabase.org/service/segment/
shareaholic_user_token;Shareaholic;Unknown;with unknown functionality;at least one session;Shareaholic;https://cookiedatabase.org/service/shareaholic/
shareaholic_sites;Shareaholic;Unknown;with unknown functionality;at least one session;Shareaholic;https://cookiedatabase.org/service/shareaholic/
shareaholic-app-storage;Shareaholic;Unknown;with unknown functionality;at least one session;Shareaholic;https://cookiedatabase.org/service/shareaholic/
shareaholic_token;Shareaholic;Unknown;with unknown functionality;at least one session;Shareaholic;https://cookiedatabase.org/service/shareaholic/
fpestid;ShareThis;Preferences;with unknown functionality;13 months;ShareThis;https://cookiedatabase.org/service/sharethis/
st_shares_*;ShareThis;Statistics;with unknown functionality;persistent;ShareThis;https://cookiedatabase.org/service/sharethis/
__unam;ShareThis;Marketing;tostore a unique session ID.;2 years;ShareThis;https://cookiedatabase.org/service/sharethis/
_stid;ShareThis;Marketing;tostore and track audience reach.;1 week;ShareThis;https://cookiedatabase.org/service/sharethis/
UIDR;ShareThis;Unknown;with unknown functionality;at least one session;ShareThis;https://cookiedatabase.org/service/sharethis/
_stgmap;ShareThis;Marketing;tostore and track audience reach.;1 week;ShareThis;https://cookiedatabase.org/service/sharethis/
_stamap;ShareThis;Marketing;tostore and track audience reach.;1 week;ShareThis;https://cookiedatabase.org/service/sharethis/
stdlxmap;ShareThis;Marketing;tostore and track audience reach.;1 week;ShareThis;https://cookiedatabase.org/service/sharethis/
stacxiommap;ShareThis;Marketing;tostore and track audience reach.;1 week;ShareThis;https://cookiedatabase.org/service/sharethis/
__uset;ShareThis;Unknown;with unknown functionality;at least one session;ShareThis;https://cookiedatabase.org/service/sharethis/
dsgvoaio_ga_disable;Shariff Wrapper;Functional;tostore privacy preferences.;various;Shariff Wrapper;https://cookiedatabase.org/service/shariff/
isp_premium_shopify_serp;Shopify;Unknown;with unknown functionality;at least one session;Shopify;https://cookiedatabase.org/service/shopify/
isp_premium_shopify_serp_type;Shopify;Unknown;with unknown functionality;at least one session;Shopify;https://cookiedatabase.org/service/shopify/
shopifyApplePayAcceleration;Shopify;Unknown;with unknown functionality;at least one session;Shopify;https://cookiedatabase.org/service/shopify/
shopifyPayAcceleration;Shopify;Unknown;with unknown functionality;at least one session;Shopify;https://cookiedatabase.org/service/shopify/
references.raw-intuition.myshopify.com.recent-cart;Shopify;Unknown;with unknown functionality;at least one session;Shopify;https://cookiedatabase.org/service/shopify/
shopifyPaypalAcceleration;Shopify;Unknown;with unknown functionality;at least one session;Shopify;https://cookiedatabase.org/service/shopify/
_shopify_country;Shopify;Unknown;tostore location data.;at least one session;Shopify;https://cookiedatabase.org/service/shopify/
_shopify_y;Shopify;Statistics;with unknown functionality;1 year;Shopify;https://cookiedatabase.org/service/shopify/
_y;Shopify;Statistics;with unknown functionality;at least one session;Shopify;https://cookiedatabase.org/service/shopify/
tracked_start_checkout;Shopify;Statistics;with unknown functionality;at least one session;Shopify;https://cookiedatabase.org/service/shopify/
simple_wp_membership_*;Simple Membership;Unknown;with unknown functionality;at least one session;Simple Membership;https://cookiedatabase.org/service/simple-membership/
swpm_session;Simple Membership;Unknown;with unknown functionality;session;Simple Membership;https://cookiedatabase.org/service/simple-membership/
shopmagic_visitor_*;Shopmagic;Marketing;tostore a unique user ID.;at least one session;Shopmagic;https://cookiedatabase.org/service/shopmagic/
simple_wp_membership_sec_*;Simple Membership;Unknown;with unknown functionality;at least one session;Simple Membership;https://cookiedatabase.org/service/simple-membership/
HS:Beacon:TopArticles://shortpixel.helpscoutdocs.com;Shortpixel;Functional;toread user IP address.;persistent;Shortpixel;https://cookiedatabase.org/service/shortpixel/
shortpixel-*;Shortpixel;Functional;toprovide CDN functions.;session;Shortpixel;https://cookiedatabase.org/service/shortpixel/
wpSGCacheBypass;SiteGround;Functional;with unknown functionality;persistent;SiteGround;https://cookiedatabase.org/service/siteground/
HS:Beacon:TopArticles:*;Shortpixel;Functional;toread user IP address.;persistent;Shortpixel;https://cookiedatabase.org/service/shortpixel/
slaask-widget-current-view;Slaask;Unknown;with unknown functionality;at least one session;Slaask;https://cookiedatabase.org/service/slaask/
slaask-widget-touch;Slaask;Unknown;with unknown functionality;at least one session;Slaask;https://cookiedatabase.org/service/slaask/
slaask-widget-typed-text;Slaask;Unknown;with unknown functionality;at least one session;Slaask;https://cookiedatabase.org/service/slaask/
slaask-widget-opened;Slaask;Unknown;with unknown functionality;at least one session;Slaask;https://cookiedatabase.org/service/slaask/
slaask-message-*;Slaask;Unknown;with unknown functionality;at least one session;Slaask;https://cookiedatabase.org/service/slaask/
slaask-token-*;Slaask;Unknown;with unknown functionality;at least one session;Slaask;https://cookiedatabase.org/service/slaask/
revslider-maintenance-addon-notice;Slider Revolution;Unknown;with unknown functionality;at least one session;Slider Revolution;https://cookiedatabase.org/service/slider-revolution/
slaask-token-xpk-*;Slaask;Unknown;with unknown functionality;at least one session;Slaask;https://cookiedatabase.org/service/slaask/
revslider-rel-posts-addon-notice;Slider Revolution;Unknown;with unknown functionality;at least one session;Slider Revolution;https://cookiedatabase.org/service/slider-revolution/
revslider-domain-switch-addon-notice;Slider Revolution;Unknown;with unknown functionality;at least one session;Slider Revolution;https://cookiedatabase.org/service/slider-revolution/
revslider-prevnext-posts-addon-notice;Slider Revolution;Unknown;with unknown functionality;at least one session;Slider Revolution;https://cookiedatabase.org/service/slider-revolution/
revslider-404-addon-notice;Slider Revolution;Unknown;with unknown functionality;at least one session;Slider Revolution;https://cookiedatabase.org/service/slider-revolution/
revslider-gallery-addon-notice;Slider Revolution;Unknown;with unknown functionality;at least one session;Slider Revolution;https://cookiedatabase.org/service/slider-revolution/
revslider-featured-addon-notice;Slider Revolution;Unknown;with unknown functionality;at least one session;Slider Revolution;https://cookiedatabase.org/service/slider-revolution/
revslider-whiteboard-addon-notice;Slider Revolution;Unknown;with unknown functionality;at least one session;Slider Revolution;https://cookiedatabase.org/service/slider-revolution/
revslider-login-addon-notice;Slider Revolution;Unknown;with unknown functionality;at least one session;Slider Revolution;https://cookiedatabase.org/service/slider-revolution/
revslider-weather-addon-notice;Slider Revolution;Unknown;with unknown functionality;at least one session;Slider Revolution;https://cookiedatabase.org/service/slider-revolution/
slimstat_optout_tracking;Slimstat Analytics;Unknown;with unknown functionality;1 year;Slimstat Analytics;https://cookiedatabase.org/service/slimstat-analytics/
slimstat_tracking_code;Slimstat Analytics;Unknown;with unknown functionality;30 minutes;Slimstat Analytics;https://cookiedatabase.org/service/slimstat-analytics/
ssPanelLeft;Smart Slider;Functional;with unknown functionality;persistent;Smart Slider;https://cookiedatabase.org/service/smart-slider/
ssPanelHeight;Smart Slider;Functional;with unknown functionality;persistent;Smart Slider;https://cookiedatabase.org/service/smart-slider/
SL_C_*_VID;Smartlook;Unknown;with unknown functionality;at least one session;Smartlook;https://cookiedatabase.org/service/smartlook/
SL_C_*_KEY;Smartlook;Unknown;with unknown functionality;at least one session;Smartlook;https://cookiedatabase.org/service/smartlook/
SL_C_*_SID;Smartlook;Unknown;with unknown functionality;at least one session;Smartlook;https://cookiedatabase.org/service/smartlook/
ssupp_vid;Smartsupp;Functional;tostore a unique user ID.;6 months;Smartsupp;https://cookiedatabase.org/service/smartsupp/
ssupp.visits;Smartsupp;Functional;tostore number of visits.;6 months;Smartsupp;https://cookiedatabase.org/service/smartsupp/
ssupp_visits;Smartsupp;Functional;tostore number of visits.;6 months;Smartsupp;https://cookiedatabase.org/service/smartsupp/
ssupp_chatid;Smartsupp;Functional;tostore a unique session ID.;session;Smartsupp;https://cookiedatabase.org/service/smartsupp/
ssupp.barclicked;Smartsupp;Functional;tostore the status of the chat.;session;Smartsupp;https://cookiedatabase.org/service/smartsupp/
ssupp.unreaded;Smartsupp;Functional;tostore if a message has been shown.;session;Smartsupp;https://cookiedatabase.org/service/smartsupp/
ssupp.message;Smartsupp;Functional;tostore performed actions on the website.;session;Smartsupp;https://cookiedatabase.org/service/smartsupp/
ssupp.position;Smartsupp;Functional;tostore configuration.;session;Smartsupp;https://cookiedatabase.org/service/smartsupp/
ssupp.opened;Smartsupp;Functional;tostore the status of the chat.;session;Smartsupp;https://cookiedatabase.org/service/smartsupp/
instapage-visit-*-expires;Smash Balloon Social Photo Feed;Unknown;with unknown functionality;at least one session;Smash Balloon Social Photo Feed;https://cookiedatabase.org/service/smash-balloon-social-photo-feed/
ssupp.group;Smartsupp;Functional;tostore the status of the chat.;session;Smartsupp;https://cookiedatabase.org/service/smartsupp/
instapage-visit-*;Smash Balloon Social Photo Feed;Unknown;with unknown functionality;at least one session;Smash Balloon Social Photo Feed;https://cookiedatabase.org/service/smash-balloon-social-photo-feed/
instapage-variant-*;Smash Balloon Social Photo Feed;Unknown;with unknown functionality;at least one session;Smash Balloon Social Photo Feed;https://cookiedatabase.org/service/smash-balloon-social-photo-feed/
snax_quiz_*_active_tab;Snax;Unknown;with unknown functionality;at least one session;Snax;https://cookiedatabase.org/service/snax/
snax_quiz_*_answers;Snax;Unknown;with unknown functionality;at least one session;Snax;https://cookiedatabase.org/service/snax/
Snoop_testi;Snoobi;Unknown;with unknown functionality;at least one session;Snoobi;https://cookiedatabase.org/service/snoobi/
SnoobiID;Snoobi;Unknown;with unknown functionality;at least one session;Snoobi;https://cookiedatabase.org/service/snoobi/
Snoobisession_adcalls_nl;Snoobi;Unknown;with unknown functionality;at least one session;Snoobi;https://cookiedatabase.org/service/snoobi/
SnapABugVisit;SnapEngage;Unknown;with unknown functionality;session;SnapEngage;https://cookiedatabase.org/service/snapengage/
SnapABugUserEmail;SnapEngage;Unknown;with unknown functionality;at least one session;SnapEngage;https://cookiedatabase.org/service/snapengage/
SnapABugRef;Adobe Marketing Cloud,SnapEngage;Unknown;with unknown functionality;1 hour;SnapEngage;https://cookiedatabase.org/service/snapengage/
SnapABugUserAlias;SnapEngage;Unknown;with unknown functionality;at least one session;SnapEngage;https://cookiedatabase.org/service/snapengage/
SnapABugNoProactiveChat;SnapEngage;Unknown;with unknown functionality;session;SnapEngage;https://cookiedatabase.org/service/snapengage/
SnapABugMinimizeStashCookie;SnapEngage;Unknown;with unknown functionality;at least one session;SnapEngage;https://cookiedatabase.org/service/snapengage/
SnapABugChatWindow;SnapEngage;Unknown;with unknown functionality;at least one session;SnapEngage;https://cookiedatabase.org/service/snapengage/
SnapABugChatSession;SnapEngage;Unknown;with unknown functionality;at least one session;SnapEngage;https://cookiedatabase.org/service/snapengage/
SnapABugChatView;SnapEngage;Unknown;with unknown functionality;at least one session;SnapEngage;https://cookiedatabase.org/service/snapengage/
SnapABugAgentAvatar;SnapEngage;Unknown;with unknown functionality;session;SnapEngage;https://cookiedatabase.org/service/snapengage/
socialsnap_viewed_*;Social Snap;Marketing;tostore performed actions on the website.;at least one session;Social Snap;https://cookiedatabase.org/service/social-snap/
snowplowOutQueue_snowday__wn_post*;Snowplow;Unknown;with unknown functionality;at least one session;Snowplow;https://cookiedatabase.org/service/snowplow/
snowplowOutQueue_snowplow_cf;Snowplow;Unknown;with unknown functionality;at least one session;Snowplow;https://cookiedatabase.org/service/snowplow/
snowplowOutQueue_snowplow_legacy_prod_legacy_*;Snowplow;Unknown;with unknown functionality;at least one session;Snowplow;https://cookiedatabase.org/service/snowplow/
snowplowOutQueue_diginius_cf_get;Snowplow;Unknown;with unknown functionality;at least one session;Snowplow;https://cookiedatabase.org/service/snowplow/
snowplowOutQueue_sfanalytics_thrift_post*;Snowplow;Unknown;with unknown functionality;at least one session;Snowplow;https://cookiedatabase.org/service/snowplow/
snowplowOutQueue_aamsitecertifier_cf;Snowplow;Unknown;with unknown functionality;at least one session;Snowplow;https://cookiedatabase.org/service/snowplow/
_sp_ses*;Snowplow;Statistics;tostore a unique session ID.;30 minutes;Snowplow;https://cookiedatabase.org/service/snowplow/
_sp_id*;Snowplow;Statistics;tostore a unique user ID.;2 years;Snowplow;https://cookiedatabase.org/service/snowplow/
sbjs_current_add;Sourcebuster JS;Statistics;tostore and count pageviews.;6 months;Sourcebuster JS;https://cookiedatabase.org/service/sourcebuster-js/
sbjs_current;Sourcebuster JS;Statistics;tostore browser details.;6 months;Sourcebuster JS;https://cookiedatabase.org/service/sourcebuster-js/
sbjs_first;Sourcebuster JS;Statistics;toStore and track interaction.;session;Sourcebuster JS;https://cookiedatabase.org/service/sourcebuster-js/
sbjs_first_add;Sourcebuster JS;Statistics;tostore and count pageviews.;6 months;Sourcebuster JS;https://cookiedatabase.org/service/sourcebuster-js/
sbjs_migrations;Sourcebuster JS;Statistics;tostore the user's usage history.;6 months;Sourcebuster JS;https://cookiedatabase.org/service/sourcebuster-js/
sbjs_session;Sourcebuster JS;Statistics;tostore and count pageviews.;30 minutes;Sourcebuster JS;https://cookiedatabase.org/service/sourcebuster-js/
sbjs_udata;Sourcebuster JS;Statistics;tostore a unique session ID.;6 months;Sourcebuster JS;https://cookiedatabase.org/service/sourcebuster-js/
sc_anonymous_id;SoundCloud;Functional;toprovide functions across pages.;10 years;SoundCloud;https://cookiedatabase.org/service/soundcloud/
sclocale;SoundCloud;Functional;tostore language settings.;1 year;SoundCloud;https://cookiedatabase.org/service/soundcloud/
aosRemoveClassesTimeoutCode;Spectra Gutenberg Blocks;Functional;toprovide a responsive website.;persistent;Spectra Gutenberg Blocks;https://cookiedatabase.org/service/spectra-gutenberg-blocks/
aosRemoveClassesTimeoutCode*;Spectra Gutenberg Blocks;Functional;toprovide a responsive website.;persistent;Spectra Gutenberg Blocks;https://cookiedatabase.org/service/spectra-gutenberg-blocks/
sp_t;Spotify;Marketing;toprovide functions across pages.;1 year;Spotify;https://cookiedatabase.org/service/spotify/
sp_landing;Spotify;Marketing;toprovide functions across pages.;1 day;Spotify;https://cookiedatabase.org/service/spotify/
sp_*;Standard Pack Pagebuilder;Functional;toprovide functions across pages.;at least one session;Standard Pack Pagebuilder;https://cookiedatabase.org/service/standard-pack-pagebuilder/
sqzl_abs;Squeezely;Unknown;with unknown functionality;at least one session;Squeezely;https://cookiedatabase.org/service/squeezely/
sqzllocal;Squeezely;Marketing;tostore a unique user ID.;persistent;Squeezely;https://cookiedatabase.org/service/squeezely/
sqzl_session_id;Squeezely;Marketing;tostore a unique session ID.;at least one session;Squeezely;https://cookiedatabase.org/service/squeezely/
is_unique;Statcounter;Statistics;tostore unique visits.;5 years;Statcounter;https://cookiedatabase.org/service/statcounter/
statcounter_bounce;Statcounter;Statistics;tostore and record bounced visits.;session;Statcounter;https://cookiedatabase.org/service/statcounter/
statcounter_config;Statcounter;Functional;with unknown functionality;session;Statcounter;https://cookiedatabase.org/service/statcounter/
statcounter_session;Statcounter;Statistics;tostore a unique session ID.;session;Statcounter;https://cookiedatabase.org/service/statcounter/
statcounter_pending;Statcounter;Unknown;with unknown functionality;at least one session;Statcounter;https://cookiedatabase.org/service/statcounter/
sc_medium_source;Statcounter;Statistics;tostore referring website.;persistent;Statcounter;https://cookiedatabase.org/service/statcounter/
sc_is_visitor_unique;Statcounter;Statistics;tostore number of visits.;2 years;Statcounter;https://cookiedatabase.org/service/statcounter/
stonlyWidget_autolaunchTriggered_*;Stonly;Unknown;with unknown functionality;at least one session;Stonly;https://cookiedatabase.org/service/stonly/
stonlyWidget_triggerShown_*;Stonly;Functional;tostore if a message has been shown.;at least one session;Stonly;https://cookiedatabase.org/service/stonly/
_stripeVariation_*;Stripe;Functional;toprovide the identification of trusted web traffic.;session;Stripe;https://cookiedatabase.org/service/stripe/
__stripe_sid;Stripe;Functional;toprovide fraud prevention.;30 minutes;Stripe;https://cookiedatabase.org/service/stripe/
*__stripe_;Stripe;Functional;toprovide fraud prevention.;1 year;Stripe;https://cookiedatabase.org/service/stripe/
__stripe_mid;Stripe;Functional;toprovide fraud prevention.;1 year;Stripe;https://cookiedatabase.org/service/stripe/
sucuric_prtmpcb;Sucuri;Unknown;with unknown functionality;at least one session;Sucuri;https://cookiedatabase.org/service/sucuri/
sucuri_cloudproxy_uuid_*;Sucuri;Unknown;with unknown functionality;at least one session;Sucuri;https://cookiedatabase.org/service/sucuri/
__smListBuilderOptOut;Sumo;Functional;with unknown functionality;at least one session;Sumo;https://cookiedatabase.org/service/sumo/
__smWelcomeMatShown;Sumo;Functional;with unknown functionality;at least one session;Sumo;https://cookiedatabase.org/service/sumo/
__smSmartBarOptOut;Sumo;Functional;with unknown functionality;at least one session;Sumo;https://cookiedatabase.org/service/sumo/
__smScrollBoxShown;Sumo;Unknown;with unknown functionality;at least one session;Sumo;https://cookiedatabase.org/service/sumo/
__smSmartbarShown;Sumo;Functional;with unknown functionality;30 years;Sumo;https://cookiedatabase.org/service/sumo/
__smListBuilderShown;Sumo;Unknown;with unknown functionality;at least one session;Sumo;https://cookiedatabase.org/service/sumo/
*_smSessionId;Sumo;Unknown;with unknown functionality;at least one session;Sumo;https://cookiedatabase.org/service/sumo/
__smToken;Sumo;Unknown;with unknown functionality;at least one session;Sumo;https://cookiedatabase.org/service/sumo/
__smVID;Sumo;Unknown;with unknown functionality;at least one session;Sumo;https://cookiedatabase.org/service/sumo/
__smDashView;Sumo;Unknown;with unknown functionality;at least one session;Sumo;https://cookiedatabase.org/service/sumo/
tb_panel_closed;Tablepress;Functional;with unknown functionality;at least one session;Tablepress;https://cookiedatabase.org/service/tablepress/
superpwa_hide_deactivate_feedback;SuperPWA;Functional;tostore if a message has been dismissed.;30 days;SuperPWA;https://cookiedatabase.org/service/superpwa/
taboola global:local-storage-keys;Taboola;Unknown;with unknown functionality;at least one session;Taboola;https://cookiedatabase.org/service/taboola/
taboola global:lspb;Taboola;Unknown;with unknown functionality;at least one session;Taboola;https://cookiedatabase.org/service/taboola/
taboola global:past-exclusions;Taboola;Unknown;with unknown functionality;at least one session;Taboola;https://cookiedatabase.org/service/taboola/
_tb_t_ppg;Taboola;Functional;with unknown functionality;30 minutes;Taboola;https://cookiedatabase.org/service/taboola/
trc_cache;Taboola;Unknown;with unknown functionality;at least one session;Taboola;https://cookiedatabase.org/service/taboola/
taboola global:user-id;Taboola;Unknown;tostore a unique user ID.;at least one session;Taboola;https://cookiedatabase.org/service/taboola/
_tb_sess_r;Taboola;Functional;with unknown functionality;30 minutes;Taboola;https://cookiedatabase.org/service/taboola/
trc_cookie_storage;Taboola;Functional;tostore a unique user ID.;1 year;Taboola;https://cookiedatabase.org/service/taboola/
utag_main;Tealium;Unknown;with unknown functionality;at least one session;Tealium;https://cookiedatabase.org/service/tealium/
tdc_live_iframe_wrapper_inline;TagDiv;Unknown;with unknown functionality;at least one session;TagDiv;https://cookiedatabase.org/service/tagdiv/
TawkWindowName;Tawk;Unknown;with unknown functionality;at least one session;Tawk;https://cookiedatabase.org/service/tawk/
twk-*;Tawk;Functional;with unknown functionality;session;Tawk;https://cookiedatabase.org/service/tawk/
tawk-*;Tawk;Unknown;with unknown functionality;at least one session;Tawk;https://cookiedatabase.org/service/tawk/
twk_*;Tawk;Functional;with unknown functionality;session;Tawk;https://cookiedatabase.org/service/tawk/
TawkConnectionTime;Tawk;Unknown;with unknown functionality;at least one session;Tawk;https://cookiedatabase.org/service/tawk/
__tawkuuid;Tawk;Unknown;with unknown functionality;at least one session;Tawk;https://cookiedatabase.org/service/tawk/
tinv_wishlistkey;Template Invaders;Functional;with unknown functionality;at least one session;Template Invaders;https://cookiedatabase.org/service/template-invaders/
tm_pb_templates_tm_pb_*;TemplateMonster;Functional;toprovide admin functions.;session;TemplateMonster;https://cookiedatabase.org/service/templatemonster/
the7-options-preview-url;The7 Theme;Functional;with unknown functionality;at least one session;The7 Theme;https://cookiedatabase.org/service/the7-theme/
dt_cut_page;The7 Theme;Functional;with unknown functionality;at least one session;The7 Theme;https://cookiedatabase.org/service/the7-theme/
the7-options-preview-device;The7 Theme;Functional;with unknown functionality;at least one session;The7 Theme;https://cookiedatabase.org/service/the7-theme/
wtt_preview_wrapper;Textmetrics;Unknown;with unknown functionality;at least one session;Textmetrics;https://cookiedatabase.org/service/textmetrics/
wtt_lang;Textmetrics;Unknown;with unknown functionality;at least one session;Textmetrics;https://cookiedatabase.org/service/textmetrics/
wtt_token;Textmetrics;Unknown;with unknown functionality;at least one session;Textmetrics;https://cookiedatabase.org/service/textmetrics/
ast_checkout_form;Themehigh;Functional;with unknown functionality;persistent;Themehigh;https://cookiedatabase.org/service/themehigh/
trx_addons_emotions;ThemeREX;Unknown;with unknown functionality;at least one session;ThemeREX;https://cookiedatabase.org/service/themerex/
trx-popup-has-cache;ThemeREX;Functional;toprovide a responsive website.;1 day;ThemeREX;https://cookiedatabase.org/service/themerex/
trx_addons_is_retina;ThemeREX;Unknown;with unknown functionality;1 year;ThemeREX;https://cookiedatabase.org/service/themerex/
tva_course_*;Thrive Apprentice;Functional;toprovide functions across pages.;1 year;Thrive Apprentice;https://cookiedatabase.org/service/thrive-apprentice/
tva_lesson_*;Thrive Apprentice;Functional;toprovide functions across pages.;1 year;Thrive Apprentice;https://cookiedatabase.org/service/thrive-apprentice/
themify_builder_docked_left;Themify;Functional;with unknown functionality;at least one session;Themify;https://cookiedatabase.org/service/themify/
tva_learned_lessons;Thrive Apprentice;Functional;toprovide functions across pages.;1 year;Thrive Apprentice;https://cookiedatabase.org/service/thrive-apprentice/
themify_builder_lightbox_backend_pos_size;Themify;Functional;with unknown functionality;at least one session;Themify;https://cookiedatabase.org/service/themify/
themify_builder_lightbox_frontend_pos_size;Themify;Functional;with unknown functionality;at least one session;Themify;https://cookiedatabase.org/service/themify/
tb_dragger;Themify;Unknown;with unknown functionality;at least one session;Themify;https://cookiedatabase.org/service/themify/
tb_visual_templates;Themify;Functional;with unknown functionality;at least one session;Themify;https://cookiedatabase.org/service/themify/
tb_form_templates_;Themify;Functional;with unknown functionality;at least one session;Themify;https://cookiedatabase.org/service/themify/
themify_popup_page_view;Themify;Functional;with unknown functionality;at least one session;Themify;https://cookiedatabase.org/service/themify/
themify_builder_clipboard_content;Themify;Functional;with unknown functionality;at least one session;Themify;https://cookiedatabase.org/service/themify/
themify-builder-tabs;Themify;Functional;with unknown functionality;at least one session;Themify;https://cookiedatabase.org/service/themify/
themify_builder_docked;Themify;Functional;with unknown functionality;at least one session;Themify;https://cookiedatabase.org/service/themify/
tcb_google_fonts;Thrive Architect;Functional;with unknown functionality;at least one session;Thrive Architect;https://cookiedatabase.org/service/thrive-architect/
tvu_design-*;Thrive Architect;Functional;with unknown functionality;at least one session;Thrive Architect;https://cookiedatabase.org/service/thrive-architect/
tcb_google_fonts_v;Thrive Architect;Functional;with unknown functionality;at least one session;Thrive Architect;https://cookiedatabase.org/service/thrive-architect/
ThriveOptionsSelectedItem;Thrive Architect;Functional;with unknown functionality;persistent;Thrive Architect;https://cookiedatabase.org/service/thrive-architect/
thrive_symbol-*;Thrive Architect;Functional;with unknown functionality;at least one session;Thrive Architect;https://cookiedatabase.org/service/thrive-architect/
tve_post_options_change;Thrive Architect;Unknown;with unknown functionality;at least one session;Thrive Architect;https://cookiedatabase.org/service/thrive-architect/
thrive_theme_switched_content;Thrive Architect;Functional;with unknown functionality;persistent;Thrive Architect;https://cookiedatabase.org/service/thrive-architect/
tve_secret;Thrive Comments;Unknown;with unknown functionality;1 year;Thrive Comments;https://cookiedatabase.org/service/thrive-comments/
tve_api_mailchimp_optin;Thrive Dashboard;Preferences;tostore user preferences.;6 months;Thrive Dashboard;https://cookiedatabase.org/service/thrive-dash/
tl_conversion_*;Thrive Leads;Unknown;with unknown functionality;1 year;Thrive Leads;https://cookiedatabase.org/service/thrive-leads/
tvo_block-*;Thrive Ovation;Functional;with unknown functionality;at least one session;Thrive Ovation;https://cookiedatabase.org/service/thrive-ovation/
t_*;Thrive Leads;Unknown;with unknown functionality;30 days;Thrive Leads;https://cookiedatabase.org/service/thrive-leads/
tl_*;Thrive Leads;Unknown;with unknown functionality;30 days;Thrive Leads;https://cookiedatabase.org/service/thrive-leads/
tl-conv-*;Thrive Leads;Unknown;with unknown functionality;1 year;Thrive Leads;https://cookiedatabase.org/service/thrive-leads/
tve_leads_unique;Thrive Leads;Functional;tostore if the user has seen embedded content.;30 days;Thrive Leads;https://cookiedatabase.org/service/thrive-leads/
tidio_*_automation_lastMessageFromVisitor;Tidio Live Chat;Unknown;with unknown functionality;at least one session;Tidio Live Chat;https://cookiedatabase.org/service/tidio-live-chat/
tidio_*_automation_lastMessageFromOperator;Tidio Live Chat;Unknown;with unknown functionality;at least one session;Tidio Live Chat;https://cookiedatabase.org/service/tidio-live-chat/
tidio_*_tidioIdentifyHash;Tidio Live Chat;Unknown;with unknown functionality;at least one session;Tidio Live Chat;https://cookiedatabase.org/service/tidio-live-chat/
tidio_*_cacheConnectionData;Tidio Live Chat;Unknown;with unknown functionality;at least one session;Tidio Live Chat;https://cookiedatabase.org/service/tidio-live-chat/
tidio_*_automation_formLeft;Tidio Live Chat;Unknown;with unknown functionality;at least one session;Tidio Live Chat;https://cookiedatabase.org/service/tidio-live-chat/
tidio_*_tidioChatLog;Tidio Live Chat;Unknown;with unknown functionality;at least one session;Tidio Live Chat;https://cookiedatabase.org/service/tidio-live-chat/
tidio_*_tidioChatOpen;Tidio Live Chat;Unknown;with unknown functionality;at least one session;Tidio Live Chat;https://cookiedatabase.org/service/tidio-live-chat/
tidio_*_tidioChatQuickReplies;Tidio Live Chat;Unknown;with unknown functionality;at least one session;Tidio Live Chat;https://cookiedatabase.org/service/tidio-live-chat/
tidio_*_visitorIdOrigin;Tidio Live Chat;Unknown;with unknown functionality;at least one session;Tidio Live Chat;https://cookiedatabase.org/service/tidio-live-chat/
s_v_web_id;TikTok;Marketing;tostore if the user has seen embedded content.;session;TikTok;https://cookiedatabase.org/service/tiktok/
MONITOR_WEB_ID;TikTok;Marketing;tostore if the user has seen embedded content.;3 months;TikTok;https://cookiedatabase.org/service/tiktok/
tidio_*_visitorData;Tidio Live Chat;Unknown;with unknown functionality;at least one session;Tidio Live Chat;https://cookiedatabase.org/service/tidio-live-chat/
csrf_session_id;TikTok;Functional;toprovide protection against hackers.;session;TikTok;https://cookiedatabase.org/service/tiktok/
_abck;TikTok;Functional;toprovide protection against hackers.;1 year;TikTok;https://cookiedatabase.org/service/tiktok/
tt_csrf_token;TikTok;Functional;toprovide protection against hackers.;session;TikTok;https://cookiedatabase.org/service/tiktok/
tt_webid;TikTok;Marketing;tostore if the user has seen embedded content.;1 year;TikTok;https://cookiedatabase.org/service/tiktok/
tt_webid_v2;TikTok;Marketing;tostore if the user has seen embedded content.;1 year;TikTok;https://cookiedatabase.org/service/tiktok/
ttwid;TikTok;Marketing;tostore if the user has seen embedded content.;1 year;TikTok;https://cookiedatabase.org/service/tiktok/
webapp_launch_mode;TikTok;Marketing;tostore if the user has seen embedded content.;session;TikTok;https://cookiedatabase.org/service/tiktok/
webapp_session_id;TikTok;Marketing;tostore a unique session ID,store and track visits across websites.;session;TikTok;https://cookiedatabase.org/service/tiktok/
tourmaster-tour-*;Tour Master;Functional;tostore performed actions on the website.;1 day;Tour Master;https://cookiedatabase.org/service/tour-master/
tinymce-custom-colors;TinyMCE;Functional;with unknown functionality;at least one session;TinyMCE;https://cookiedatabase.org/service/tinymce/
tinymce-url-history;TinyMCE;Unknown;with unknown functionality;at least one session;TinyMCE;https://cookiedatabase.org/service/tinymce/
TrengoWidget_is_chatting;Trengo;Functional;tostore the status of the chat.;persistent;Trengo;https://cookiedatabase.org/service/trengo/
Trengo_widgetClosedTime;Trengo;Functional;tostore the status of the chat.;persistent;Trengo;https://cookiedatabase.org/service/trengo/
Trengo_panelState;Trengo;Functional;tostore the status of the chat.;persistent;Trengo;https://cookiedatabase.org/service/trengo/
Trengo_Session;Trengo;Functional;tostore the status of the chat.;session;Trengo;https://cookiedatabase.org/service/trengo/
Trengo_Visitor;Trengo;Functional;tostore the status of the chat.;persistent;Trengo;https://cookiedatabase.org/service/trengo/
Trengo_VisitorToken;Trengo;Functional;with unknown functionality;persistent;Trengo;https://cookiedatabase.org/service/trengo/
tusSupport;TUS Resumable File Transfer;Functional;toprovide admin functions.;persistent;TUS Resumable File Transfer;https://cookiedatabase.org/service/tus-resumable-file-transfer/
unique_id;Twitch;Unknown;with unknown functionality;1 month;Twitch;https://cookiedatabase.org/service/twitch/
unique_id_durable;Twitch;Unknown;with unknown functionality;1 month;Twitch;https://cookiedatabase.org/service/twitch/
experiment_overrides;Twitch;Unknown;with unknown functionality;1 month;Twitch;https://cookiedatabase.org/service/twitch/
api_token;Twitch;Functional;toprovide authentication.;1 month;Twitch;https://cookiedatabase.org/service/twitch/
server_session_id;Twitch;Functional;toprovide authentication.;1 month;Twitch;https://cookiedatabase.org/service/twitch/
referrer_url;Twitch;Statistics;tostore referring website.;session;Twitch;https://cookiedatabase.org/service/twitch/
local_storage_support_test;Twitter;Functional;toprovide load balancing functionality.;persistent;Twitter;https://cookiedatabase.org/service/twitter/
metrics_token;Twitter;Marketing;tostore if the user has seen embedded content.;persistent;Twitter;https://cookiedatabase.org/service/twitter/
uap_test_cookie;Ultimate Affiliate Pro;Functional;toread if cookies can be placed.;1 year;Ultimate Affiliate Pro;https://cookiedatabase.org/service/ultimate-affiliate-pro/
uael_visitor;Ultimate Elementor;Functional;tostore first visit to the site.;1 day;Ultimate Elementor;https://cookiedatabase.org/service/ultimate-elementor/
uael-timer-recStartTime-*;Ultimate Elementor;Functional;toprovide functions across pages.;at least one session;Ultimate Elementor;https://cookiedatabase.org/service/ultimate-elementor/
uael-timer-recinterval-*;Ultimate Elementor;Functional;toprovide functions across pages.;at least one session;Ultimate Elementor;https://cookiedatabase.org/service/ultimate-elementor/
uael-timer-hours-*;Ultimate Elementor;Functional;toprovide functions across pages.;at least one session;Ultimate Elementor;https://cookiedatabase.org/service/ultimate-elementor/
uael-timer-distance-*;Ultimate Elementor;Functional;toprovide functions across pages.;at least one session;Ultimate Elementor;https://cookiedatabase.org/service/ultimate-elementor/
uael-timer-minutes-*;Ultimate Elementor;Functional;toprovide functions across pages.;at least one session;Ultimate Elementor;https://cookiedatabase.org/service/ultimate-elementor/
uael-timer-seconds-*;Ultimate Elementor;Functional;toprovide functions across pages.;at least one session;Ultimate Elementor;https://cookiedatabase.org/service/ultimate-elementor/
uael-timer-cdTime-*;Ultimate Elementor;Functional;toprovide functions across pages.;at least one session;Ultimate Elementor;https://cookiedatabase.org/service/ultimate-elementor/
uael-timer-evgInt-*;Ultimate Elementor;Functional;toprovide functions across pages.;at least one session;Ultimate Elementor;https://cookiedatabase.org/service/ultimate-elementor/
uael-timer-firstTime-*;Ultimate Elementor;Functional;toprovide functions across pages.;at least one session;Ultimate Elementor;https://cookiedatabase.org/service/ultimate-elementor/
ultp_view_*;Ultimate Post List;Unknown;with unknown functionality;at least one session;Ultimate Post List;https://cookiedatabase.org/service/ultimate-post-list/
updraft_unlockadmin;UpdraftPlus;Unknown;with unknown functionality;at least one session;UpdraftPlus;https://cookiedatabase.org/service/updraftplus/
updraftcentral_wporg_api_*;UpdraftPlus;Unknown;with unknown functionality;at least one session;UpdraftPlus;https://cookiedatabase.org/service/updraftplus/
updraftcentral_saved_at_wporg_api_*;UpdraftPlus;Unknown;with unknown functionality;at least one session;UpdraftPlus;https://cookiedatabase.org/service/updraftplus/
ucp_nx;Under Construction;Unknown;with unknown functionality;at least one session;Under Construction;https://cookiedatabase.org/service/under-construction/
ucp_tabs;Under Construction;Unknown;with unknown functionality;at least one session;Under Construction;https://cookiedatabase.org/service/under-construction/
uncode_privacy;Uncode;Functional;tostore cookie consent preferences.;1 year;Uncode;https://cookiedatabase.org/service/uncode/
uncode_privacy[privacy_bar;Uncode;Functional;with unknown functionality;at least one session;Uncode;https://cookiedatabase.org/service/uncode/
uncode_privacy[consent_types;Uncode;Functional;tostore cookie consent preferences.;1 year;Uncode;https://cookiedatabase.org/service/uncode/
uncodeAI.images;Uncode;Functional;with unknown functionality;session;Uncode;https://cookiedatabase.org/service/uncode/
uncodeAI.css;Uncode;Functional;with unknown functionality;session;Uncode;https://cookiedatabase.org/service/uncode/
uncodeAI.screen;Uncode;Functional;toread screen resolution.;session;Uncode;https://cookiedatabase.org/service/uncode/
uncodeAI_screen;Uncode;Functional;toread screen resolution.;session;Uncode;https://cookiedatabase.org/service/uncode/
uncodeAI_images;Uncode;Functional;toprovide a responsive website.;at least one session;Uncode;https://cookiedatabase.org/service/uncode/
uncodeAI_css;Uncode;Functional;toread screen resolution.;at least one session;Uncode;https://cookiedatabase.org/service/uncode/
uslk_inital_url;Userlike;Statistics;with unknown functionality;persistent;Userlike;https://cookiedatabase.org/service/userlike/
__ca__chat;UserEngage;Unknown;with unknown functionality;at least one session;UserEngage;https://cookiedatabase.org/service/userengage/
uslk_operator_binding;Userlike;Statistics;with unknown functionality;persistent;Userlike;https://cookiedatabase.org/service/userlike/
uslk_page_impressions;Userlike;Statistics;with unknown functionality;persistent;Userlike;https://cookiedatabase.org/service/userlike/
uslk_referrer;Userlike;Statistics;with unknown functionality;persistent;Userlike;https://cookiedatabase.org/service/userlike/
uslk_drag;Userlike;Statistics;with unknown functionality;persistent;Userlike;https://cookiedatabase.org/service/userlike/
uslk_in_service_time;Userlike;Statistics;with unknown functionality;persistent;Userlike;https://cookiedatabase.org/service/userlike/
uslk_e;Userlike;Statistics;with unknown functionality;1 year;Userlike;https://cookiedatabase.org/service/userlike/
uslk_s;Userlike;Statistics;with unknown functionality;session;Userlike;https://cookiedatabase.org/service/userlike/
uslk_um_*app_key;Userlike;Unknown;with unknown functionality;at least one session;Userlike;https://cookiedatabase.org/service/userlike/
uw-uid;Userway;Unknown;with unknown functionality;at least one session;Userway;https://cookiedatabase.org/service/userway/
uwp_cpt_list_view;UsersWP;Unknown;with unknown functionality;at least one session;UsersWP;https://cookiedatabase.org/service/userswp/
_utma;VideoPress;Unknown;toStore the calculation of days and time to purchase.;persistent;VideoPress;https://cookiedatabase.org/service/videopress/
_utmc;VideoPress;Unknown;with unknown functionality;at least one session;VideoPress;https://cookiedatabase.org/service/videopress/
_utmz;VideoPress;Statistics;tostore used keyword and search engine.;6 months;VideoPress;https://cookiedatabase.org/service/videopress/
vuid;Vimeo;Statistics;tostore the user's usage history.;2 years;Vimeo;https://cookiedatabase.org/service/vimeo/
vuid;Vimeo;Statistics;tostore the user's usage history.;2 years;Vimeo;https://cookiedatabase.org/service/vimeo/
__utmt_player;Vimeo;Statistics;tostore and track audience reach.;10 minutes;Vimeo;https://cookiedatabase.org/service/vimeo/
vq_utm_term;Visitor Queue;Marketing;tostore used keyword and search engine.;1 day;Visitor Queue;https://cookiedatabase.org/service/visitorqueue/
vq_initial_source;Visitor Queue;Marketing;tostore which page was visited first.;1 day;Visitor Queue;https://cookiedatabase.org/service/visitorqueue/
vq_utm_source;Visitor Queue;Marketing;tostore referring website.;1 day;Visitor Queue;https://cookiedatabase.org/service/visitorqueue/
vq_utm_medium;Visitor Queue;Marketing;tostore referring website.;1 day;Visitor Queue;https://cookiedatabase.org/service/visitorqueue/
vc4-templates;Visual Composer;Unknown;with unknown functionality;at least one session;Visual Composer;https://cookiedatabase.org/service/visual-composer/
vqa_vid;Visitor Queue;Marketing;tostore a unique user ID.;6 days;Visitor Queue;https://cookiedatabase.org/service/visitorqueue/
vc4-templates_expiresIn;Visual Composer;Unknown;with unknown functionality;at least one session;Visual Composer;https://cookiedatabase.org/service/visual-composer/
vchideactivationmsg;Visual Composer;Functional;tostore a version number for updates.;30 days;Visual Composer;https://cookiedatabase.org/service/visual-composer/
vchideactivationmsg_vc11;Visual Composer;Functional;tostore a version number for updates.;30 days;Visual Composer;https://cookiedatabase.org/service/visual-composer/
vcc_element*;Visual Composer;Functional;with unknown functionality;at least one session;Visual Composer;https://cookiedatabase.org/service/visual-composer/
vue-tabs-component.cache*;Vue;Preferences;tostore the user's usage history.;session;Vue;https://cookiedatabase.org/service/vue/
vcc_cb_count;Visual Composer;Unknown;with unknown functionality;at least one session;Visual Composer;https://cookiedatabase.org/service/visual-composer/
debug_vis_opt_exp_*;Visual Website Optimizer;Functional;toprovide functions across pages.;100 days;Visual Website Optimizer;https://cookiedatabase.org/service/visual-website-optimizer/
debug_vis_opt_test_cookie;Visual Website Optimizer;Functional;toprovide functions across pages.;100 days;Visual Website Optimizer;https://cookiedatabase.org/service/visual-website-optimizer/
debug_vis_preview_*;Visual Website Optimizer;Functional;toprovide functions across pages.;at least one session;Visual Website Optimizer;https://cookiedatabase.org/service/visual-website-optimizer/
_vwo_uuid;Visual Website Optimizer;Unknown;with unknown functionality;at least one session;Visual Website Optimizer;https://cookiedatabase.org/service/visual-website-optimizer/
_vwo_sn;Visual Website Optimizer;Unknown;with unknown functionality;at least one session;Visual Website Optimizer;https://cookiedatabase.org/service/visual-website-optimizer/
_vwo_logs_*;Visual Website Optimizer;Unknown;with unknown functionality;at least one session;Visual Website Optimizer;https://cookiedatabase.org/service/visual-website-optimizer/
_vwo_ds;Visual Website Optimizer;Unknown;with unknown functionality;at least one session;Visual Website Optimizer;https://cookiedatabase.org/service/visual-website-optimizer/
_vis_opt_exp_*;Visual Website Optimizer;Statistics;toStore if a user has been excluded from a campaign.;100 days;Visual Website Optimizer;https://cookiedatabase.org/service/visual-website-optimizer/
_vis_opt_test_cookie;Visual Website Optimizer;Functional;toread if cookies can be placed.;session;Visual Website Optimizer;https://cookiedatabase.org/service/visual-website-optimizer/
whatsappme_hashes;WAme chat;Unknown;with unknown functionality;persistent;WAme chat;https://cookiedatabase.org/service/wame-chat/
_vis_opt_s;Visual Website Optimizer;Functional;tostore unique visits.;100 days;Visual Website Optimizer;https://cookiedatabase.org/service/visual-website-optimizer/
w3tc_logged_*;W3 Total Cache;Functional;toProvide the prevention of cached pages.;session;W3 Total Cache;https://cookiedatabase.org/service/w3-total-cache/
whatsappme_visited;WAme chat;Unknown;with unknown functionality;persistent;WAme chat;https://cookiedatabase.org/service/wame-chat/
whatsappme_country_code;WAme chat;Unknown;with unknown functionality;at least one session;WAme chat;https://cookiedatabase.org/service/wame-chat/
w2dc_listings_view_*;Web 2.0 Directory plugin;Unknown;with unknown functionality;at least one session;Web 2.0 Directory plugin;https://cookiedatabase.org/service/web-2-0-directory-plugin/
wam_assigned_roles*;Webcraftic Assets Manager;Functional;toprovide admin functions.;session;Webcraftic Assets Manager;https://cookiedatabase.org/service/webcraftic-assets-manager/
_webpushrEndPoint;Webpushr;Functional;tostore user preferences.;at least one session;Webpushr;https://cookiedatabase.org/service/webpushr/
_webpushrBellNotification;Webpushr;Functional;tostore settings.;at least one session;Webpushr;https://cookiedatabase.org/service/webpushr/
_webpushrLastVisit;Webpushr;Preferences;tostore time of visit.;at least one session;Webpushr;https://cookiedatabase.org/service/webpushr/
_webpushrPromptAction;Webpushr;Functional;tostore user preferences.;at least one session;Webpushr;https://cookiedatabase.org/service/webpushr/
happylocaltimezone;WeDevs;Functional;tostore time of visit.;session;WeDevs;https://cookiedatabase.org/service/wedevs/
weforms_settings_active_tab;WeForms;Unknown;with unknown functionality;at least one session;WeForms;https://cookiedatabase.org/service/weforms/
dokan_product_viewed;WeDevs;Unknown;with unknown functionality;at least one session;WeDevs;https://cookiedatabase.org/service/wedevs/
weglot_allow_private;Weglot;Unknown;with unknown functionality;at least one session;Weglot;https://cookiedatabase.org/service/weglot/
wa_ul;WhatsApp;Functional;toprovide access.;session;WhatsApp;https://cookiedatabase.org/service/whatsapp/
wa_lang_pref;WhatsApp;Functional;tostore language settings.;6 days;WhatsApp;https://cookiedatabase.org/service/whatsapp/
_wcml_booking_currency;Weglot;Functional;tostore currency settings.;1 day;Weglot;https://cookiedatabase.org/service/weglot/
woobe_show_variations;WOOBE;Unknown;with unknown functionality;at least one session;WOOBE;https://cookiedatabase.org/service/woobe/
woobe_tools_panel_full_width_btn;WOOBE;Unknown;with unknown functionality;at least one session;WOOBE;https://cookiedatabase.org/service/woobe/
woobe_calculator_how;WOOBE;Unknown;with unknown functionality;at least one session;WOOBE;https://cookiedatabase.org/service/woobe/
woobe_calculator_operation;WOOBE;Unknown;with unknown functionality;at least one session;WOOBE;https://cookiedatabase.org/service/woobe/
wistia-video-progress-*;Wistia;Statistics;tostore if the user has seen embedded content.;persistent;Wistia;https://cookiedatabase.org/service/wistia/
explat-experiment–woocommerce_tasklist_progression;WooCommerce;Functional;toprovide admin functions.;persistent;WooCommerce;https://cookiedatabase.org/service/woocommerce/
wistia;Wistia;Marketing;tostore performed actions on the website.;persistent;Wistia;https://cookiedatabase.org/service/wistia/
explat-experiment–woocommerce_tasklist_progression_headercard_*;WooCommerce;Functional;toprovide admin functions.;persistent;WooCommerce;https://cookiedatabase.org/service/woocommerce/
explat-experiment–woocommerce_test_experiment;WooCommerce;Unknown;toprovide admin functions.;persistent;WooCommerce;https://cookiedatabase.org/service/woocommerce/
storeApiNonce;WooCommerce;Functional;toprovide functions across pages.;session;WooCommerce;https://cookiedatabase.org/service/woocommerce/
#woocommerce-products-wizard-form-filter-content-*;WooCommerce;Unknown;with unknown functionality;at least one session;WooCommerce;https://cookiedatabase.org/service/woocommerce/
ti_wishlist_data_*;WooCommerce;Functional;tostore user preferences.;various;WooCommerce;https://cookiedatabase.org/service/woocommerce/
yith_woocompare_list;WooCommerce;Unknown;with unknown functionality;session;WooCommerce;https://cookiedatabase.org/service/woocommerce/
_wcml_dashboard_currency;WooCommerce;Unknown;with unknown functionality;at least one session;WooCommerce;https://cookiedatabase.org/service/woocommerce/
woocommerce_cart_hash;WooCommerce;Functional;tostore items in shopping cart.;1 day;WooCommerce;https://cookiedatabase.org/service/woocommerce/
wmc_currency_rate;Woo Multi-Currency;Functional;tostore currency settings.;12 hours;Woo Multi-Currency;https://cookiedatabase.org/service/woo-multi-currency/
History.store;WooCommerce;Statistics;tostore last visit.;at least one session;WooCommerce;https://cookiedatabase.org/service/woocommerce/
wmc_ip_info;Woo Multi-Currency;Functional;tostore location data.;1 day;Woo Multi-Currency;https://cookiedatabase.org/service/woo-multi-currency/
wmc_current_currency;Woo Multi-Currency;Functional;tostore currency settings.;1 day;Woo Multi-Currency;https://cookiedatabase.org/service/woo-multi-currency/
wmc_current_currency_old;Woo Multi-Currency;Functional;tostore currency settings.;1 day;Woo Multi-Currency;https://cookiedatabase.org/service/woo-multi-currency/
woocommerce_wishlist_products;WooCommerce Wishlist;Functional;toprovide functions across pages.;1 month;WooCommerce Wishlist;https://cookiedatabase.org/service/woocommerce-wishlist/
wpmDataLayerCart;WooCommerce Pixel Manager;Marketing;tostore items in shopping cart.;session;WooCommerce Pixel Manager;https://cookiedatabase.org/service/woocommerce-pixel-manager/
wpmMiniCartActive;WooCommerce Pixel Manager;Marketing;tostore configuration.;session;WooCommerce Pixel Manager;https://cookiedatabase.org/service/woocommerce-pixel-manager/
wpmFirstPageLoad;WooCommerce Pixel Manager;Statistics;tostore first visit to the site.;session;WooCommerce Pixel Manager;https://cookiedatabase.org/service/woocommerce-pixel-manager/
wpmReferrer;WooCommerce Pixel Manager;Marketing;tostore referring website.;session;WooCommerce Pixel Manager;https://cookiedatabase.org/service/woocommerce-pixel-manager/
tfwc_tool_compare;WooCommerce Tools;Functional;tostore the product ID.;1 month;WooCommerce Tools;https://cookiedatabase.org/service/woocommerce-tools/
woodmart_age_verify;Woodmart;Unknown;with unknown functionality;at least one session;Woodmart;https://cookiedatabase.org/service/woodmart/
woodmart_popup_*;Woodmart;Functional;tostore if a message has been shown.;at least one session;Woodmart;https://cookiedatabase.org/service/woodmart/
tfwc_tool_wishilst;WooCommerce Tools;Functional;tostore the product ID.;1 year;WooCommerce Tools;https://cookiedatabase.org/service/woocommerce-tools/
woodmart_cookies_1;Woodmart;Functional;tostore cookie consent preferences.;at least one session;Woodmart;https://cookiedatabase.org/service/woodmart/
woodmart_wishlist_count_logged;Woodmart;Unknown;with unknown functionality;at least one session;Woodmart;https://cookiedatabase.org/service/woodmart/
woodmart_items_in_wishlist;Woodmart;Unknown;with unknown functionality;at least one session;Woodmart;https://cookiedatabase.org/service/woodmart/
woodmart_wishlist_hash;Woodmart;Unknown;with unknown functionality;at least one session;Woodmart;https://cookiedatabase.org/service/woodmart/
woodmart_shown_pages;Woodmart;Unknown;with unknown functionality;at least one session;Woodmart;https://cookiedatabase.org/service/woodmart/
woodmart_compare_list;Woodmart;Unknown;with unknown functionality;at least one session;Woodmart;https://cookiedatabase.org/service/woodmart/
woodmart_tb_banner_1;Woodmart;Unknown;with unknown functionality;at least one session;Woodmart;https://cookiedatabase.org/service/woodmart/
wf-scan-issue-expanded-*;Wordfence;Functional;toprovide the identification of trusted web traffic.;session;Wordfence;https://cookiedatabase.org/service/wordfence/
wordfence_verifiedHuman;Wordfence;Functional;toprovide fraud prevention.;1 day;Wordfence;https://cookiedatabase.org/service/wordfence/
wfvt_*;Wordfence;Functional;toprovide fraud prevention.;30 minutes;Wordfence;https://cookiedatabase.org/service/wordfence/
wfCBLBypass;Wordfence;Functional;toprovide access.;session;Wordfence;https://cookiedatabase.org/service/wordfence/
wf_loginalerted_*;Wordfence;Functional;toprovide protection against hackers.;persistent;Wordfence;https://cookiedatabase.org/service/wordfence/
wpEmojiSettingsSupports;WordPress;Functional;tostore browser details.;session;WordPress;https://cookiedatabase.org/service/wordpress/
wfwaf-authcookie*;Wordfence;Functional;toread to determine if the user is logged in.;1 day;Wordfence;https://cookiedatabase.org/service/wordfence/
WP_DATA_USER_1;WordPress;Functional;toprovide admin functions.;various;WordPress;https://cookiedatabase.org/service/wordpress/
WP_PREFERENCES_USER_*;WordPress;Functional;tostore user preferences.;persistent;WordPress;https://cookiedatabase.org/service/wordpress/
wp_lang;WordPress;Functional;tostore language settings.;session;WordPress;https://cookiedatabase.org/service/wordpress/
of_current_opt;WordPress;Preferences;tostore user preferences.;1 week;WordPress;https://cookiedatabase.org/service/wordpress/
wordpress_sec_*;WordPress;Functional;toprovide protection against hackers,store account details.;15 days;WordPress;https://cookiedatabase.org/service/wordpress/
comment_author_email_*;WordPress;Preferences;tostore user preferences.;1 year;WordPress;https://cookiedatabase.org/service/wordpress/
__wpdm_client;Wordpress Download Manager;Functional;toprovide functions across pages.;various;Wordpress Download Manager;https://cookiedatabase.org/service/wordpress-download-manager/
comment_author_url_*;WordPress;Preferences;tostore user preferences.;1 year;WordPress;https://cookiedatabase.org/service/wordpress/
wp_consent_type;WordPress;Unknown;with unknown functionality;at least one session;WordPress;https://cookiedatabase.org/service/wordpress/
comment_author_*;WordPress;Preferences;tostore user preferences.;1 year;WordPress;https://cookiedatabase.org/service/wordpress/
wpda_search_*;WP Data Access;Functional;toprovide admin functions.;persistent;WP Data Access;https://cookiedatabase.org/service/wp-data-access/
a11y-larger-fontsize;WP Accessibility;Preferences;tostore user preferences.;1 day;WP Accessibility;https://cookiedatabase.org/service/wp-accessibility/
wpautoterms-update-notice-*;WP AutoTerms;Unknown;with unknown functionality;at least one session;WP AutoTerms;https://cookiedatabase.org/service/wp-autoterms/
wpautoterms_cache_detector;WP AutoTerms;Unknown;with unknown functionality;at least one session;WP AutoTerms;https://cookiedatabase.org/service/wp-autoterms/
ic_pixel_ratio;WP Compress;Functional;toread screen resolution.;session;WP Compress;https://cookiedatabase.org/service/wp-compress/
ic_window_resolution;WP Compress;Functional;toread screen resolution.;session;WP Compress;https://cookiedatabase.org/service/wp-compress/
ic_window_resolution_*;WP Compress;Functional;toread screen resolution.;session;WP Compress;https://cookiedatabase.org/service/wp-compress/
dont_track_me;WP Do Not Track;Functional;tostore 'do not track' signals.;1 year;WP Do Not Track;https://cookiedatabase.org/service/wp-do-not-track/
wp-donottrack_feed;WP Do Not Track;Functional;with unknown functionality;1 year;WP Do Not Track;https://cookiedatabase.org/service/wp-do-not-track/
wpfront-notification-bar-keep-closed;WP Front;Functional;toprovide functions across pages.;session;WP Front;https://cookiedatabase.org/service/wp-front/
wpe_country;WP Engine;Functional;tostore location data.;session;WP Engine;https://cookiedatabase.org/service/wp-engine/
wpfront-notification-bar-landingpage;WP Front;Functional;toprovide functions across pages.;session;WP Front;https://cookiedatabase.org/service/wp-front/
rtk_gdpr_c;WP Engine;Unknown;with unknown functionality;session;WP Engine;https://cookiedatabase.org/service/wp-engine/
rtk_gdpr_a;WP Engine;Unknown;with unknown functionality;session;WP Engine;https://cookiedatabase.org/service/wp-engine/
wpe_is_consent_required;WP Engine;Functional;with unknown functionality;session;WP Engine;https://cookiedatabase.org/service/wp-engine/
rtkuuid;WP Engine;Unknown;with unknown functionality;session;WP Engine;https://cookiedatabase.org/service/wp-engine/
rtk_p;WP Engine;Unknown;with unknown functionality;session;WP Engine;https://cookiedatabase.org/service/wp-engine/
rtk_rps;WP Engine;Unknown;with unknown functionality;session;WP Engine;https://cookiedatabase.org/service/wp-engine/
rtk_sid;WP Engine;Unknown;with unknown functionality;session;WP Engine;https://cookiedatabase.org/service/wp-engine/
rtk_sat;WP Engine;Unknown;with unknown functionality;session;WP Engine;https://cookiedatabase.org/service/wp-engine/
rtk_currencies;WP Engine;Functional;tostore currency settings.;persistent;WP Engine;https://cookiedatabase.org/service/wp-engine/
Fomo.pageviewsHasBeenShown_expireAt;WP Fomo;Unknown;with unknown functionality;at least one session;WP Fomo;https://cookiedatabase.org/service/wp-fomo/
wphe-editor-width;WP Htaccess Editor;Unknown;with unknown functionality;at least one session;WP Htaccess Editor;https://cookiedatabase.org/service/wp-htaccess-editor/
wpgdprc-consent-*;WP GDPR Compliance;Functional;tostore cookie consent preferences.;at least one session;WP GDPR Compliance;https://cookiedatabase.org/service/wp-gdpr-compliance/
job_listing_*;WP Job Manager;Unknown;with unknown functionality;at least one session;WP Job Manager;https://cookiedatabase.org/service/wp-job-manager/
wpr-*;WP Rocket;Functional;toprovide admin functions.;various;WP Rocket;https://cookiedatabase.org/service/wp-rocket/
wpgmza-api-consent-given;WP Google Maps;Functional;tostore cookie consent preferences.;1 year;WP Google Maps;https://cookiedatabase.org/service/wp-google-maps/
wpr-show-sidebar;WP Rocket;Functional;tostore user preferences.;at least one session;WP Rocket;https://cookiedatabase.org/service/wp-rocket/
mtsnb_state_*;WP Notification bar;Unknown;with unknown functionality;at least one session;WP Notification bar;https://cookiedatabase.org/service/wp-notification-bar/
wplmi_active_tab;WP Last Modified Info;Functional;tostore performed actions on the website.;at least one session;WP Last Modified Info;https://cookiedatabase.org/service/wp-last-modified-info/
mtsnb_referrer;WP Notification bar;Unknown;with unknown functionality;at least one session;WP Notification bar;https://cookiedatabase.org/service/wp-notification-bar/
mtsnb_lastvisited;WP Notification bar;Functional;tostore last visit.;10 years;WP Notification bar;https://cookiedatabase.org/service/wp-notification-bar/
mtsnb_seen_*;WP Notification bar;Functional;tostore if a message has been shown.;persistent;WP Notification bar;https://cookiedatabase.org/service/wp-notification-bar/
mtsnb_lastvisit_posts;WP Notification bar;Functional;tostore if a message has been shown.;10 years;WP Notification bar;https://cookiedatabase.org/service/wp-notification-bar/
_wp_travel_engine_session;WP Travel Engine;Functional;tostore a unique session ID.;30 minutes;WP Travel Engine;https://cookiedatabase.org/service/wp-travel-engine/
wpsi*;WP Search Insights;Functional;with unknown functionality;at least one session;WP Search Insights;https://cookiedatabase.org/service/wp-search-insights/
wp-reset-tabs;WP_Reset;Functional;with unknown functionality;at least one session;WP_Reset;https://cookiedatabase.org/service/wp_reset/
wp-youtube-lyte_feed;WP YouTube Lyte;Functional;tostore if a message has been shown.;1 year;WP YouTube Lyte;https://cookiedatabase.org/service/wp-youtube-lyte/
wplc_grav_hash;WP-live chat;Unknown;with unknown functionality;at least one session;WP-live chat;https://cookiedatabase.org/service/wp-live-chat/
wplc_email;WP-live chat;Marketing;tostore email address.;at least one session;WP-live chat;https://cookiedatabase.org/service/wp-live-chat/
wplc_chat_status;WP-live chat;Unknown;with unknown functionality;1 day;WP-live chat;https://cookiedatabase.org/service/wp-live-chat/
wplcfirstsession;WP-live chat;Statistics;tostore last visit.;at least one session;WP-live chat;https://cookiedatabase.org/service/wp-live-chat/
wplc_name;WP-live chat;Marketing;tostore and track a visitor's identity.;various;WP-live chat;https://cookiedatabase.org/service/wp-live-chat/
wplc_minimize;WP-live chat;Functional;tostore if a message has been dismissed.;1 day;WP-live chat;https://cookiedatabase.org/service/wp-live-chat/
wplc_cid;WP-live chat;Preferences;tostore a unique user ID.;1 day;WP-live chat;https://cookiedatabase.org/service/wp-live-chat/
tablesorter-savesort;WP-Optimize;Functional;toProvide the prevention of cached pages.;various;WP-Optimize;https://cookiedatabase.org/service/wp-optimize/
disqus_unique;wpDiscuz;Unknown;with unknown functionality;at least one session;wpDiscuz;https://cookiedatabase.org/service/wpdiscuz/
rpt-activetab;WPBrigade;Unknown;with unknown functionality;at least one session;WPBrigade;https://cookiedatabase.org/service/wpbrigade/
ibx_wpfomo_notifications;WPfomify;Preferences;tostore if a message has been shown.;persistent;WPfomify;https://cookiedatabase.org/service/wpfomify/
_jid;wpDiscuz;Functional;toStore logged in users.;at least one session;wpDiscuz;https://cookiedatabase.org/service/wpdiscuz/
wpdiscuz_last_visit;wpDiscuz;Unknown;with unknown functionality;at least one session;wpDiscuz;https://cookiedatabase.org/service/wpdiscuz/
ibx_wpfomo_ip;WPfomify;Preferences;toread user IP address.;30 days;WPfomify;https://cookiedatabase.org/service/wpfomify/
wpf_leadsource[utm_campaign;WPForms;Unknown;with unknown functionality;at least one session;WPForms;https://cookiedatabase.org/service/wpforms/
wpf_read_forums;WPForms;Statistics (anonymous);tostore and count pageviews.;at least one session;WPForms;https://cookiedatabase.org/service/wpforms/
wpf_leadsource[utm_medium;WPForms;Unknown;with unknown functionality;at least one session;WPForms;https://cookiedatabase.org/service/wpforms/
wpfdSelectedCatId;WPForms;Unknown;with unknown functionality;at least one session;WPForms;https://cookiedatabase.org/service/wpforms/
wpf_ref[original_ref;WPForms;Unknown;with unknown functionality;at least one session;WPForms;https://cookiedatabase.org/service/wpforms/
wpf_leadsource[utm_source;WPForms;Unknown;with unknown functionality;at least one session;WPForms;https://cookiedatabase.org/service/wpforms/
wpf_leadsource;WPForms;Unknown;with unknown functionality;at least one session;WPForms;https://cookiedatabase.org/service/wpforms/
wpf_ref[landing_page;WPForms;Unknown;with unknown functionality;at least one session;WPForms;https://cookiedatabase.org/service/wpforms/
wpfdCategoriesState;WPForms;Unknown;with unknown functionality;at least one session;WPForms;https://cookiedatabase.org/service/wpforms/
wpf_ref;WPForms;Unknown;with unknown functionality;at least one session;WPForms;https://cookiedatabase.org/service/wpforms/
wpglobus-language;WPGlobus;Unknown;with unknown functionality;at least one session;WPGlobus;https://cookiedatabase.org/service/wpglobus/
wpglobus-language-old;WPGlobus;Unknown;with unknown functionality;at least one session;WPGlobus;https://cookiedatabase.org/service/wpglobus/
24230wpqa_post_stats*;WPQA Form Builder;Functional;with unknown functionality;at least one session;WPQA Form Builder;https://cookiedatabase.org/service/wpqa-form-builder/
ate_widget_url;WPML;Functional;toprovide admin functions.;various;WPML;https://cookiedatabase.org/service/wpml/
wp_wpml_current_admin_language_*;WPML;Functional;toprovide admin functions.;various;WPML;https://cookiedatabase.org/service/wpml/
ate_widget_fetch_time;WPML;Functional;toprovide admin functions.;various;WPML;https://cookiedatabase.org/service/wpml/
wp-wpml_current_language;WPML;Functional;tostore language settings.;1 day;WPML;https://cookiedatabase.org/service/wpml/
wp-rest-enabled-ping;WPML;Functional;toprovide a test whether the WordPress REST API is enabled and publicly accessible.;persistent;WPML;https://cookiedatabase.org/service/wpml/
wp-wpml_current_admin_language_*;WPML;Functional;tostore language settings.;session;WPML;https://cookiedatabase.org/service/wpml/
wpml_admin_referer_url;WPML;Functional;tostore last requested URL.;session;WPML;https://cookiedatabase.org/service/wpml/
wpml_referer_url;WPML;Functional;tostore last requested URL.;session;WPML;https://cookiedatabase.org/service/wpml/
_icl_visitor_lang_js;WPML;Unknown;with unknown functionality;at least one session;WPML;https://cookiedatabase.org/service/wpml/
wpml_browser_redirect_test;WPML;Functional;toread if cookies can be placed.;session;WPML;https://cookiedatabase.org/service/wpml/
NCS_INENTIM;WPspamshield;Unknown;with unknown functionality;1 minute;WPspamshield;https://cookiedatabase.org/service/wpspamshield/
_wpss_r_;WPspamshield;Unknown;with unknown functionality;1 minute;WPspamshield;https://cookiedatabase.org/service/wpspamshield/
_wpss_v_;WPspamshield;Unknown;with unknown functionality;1 minute;WPspamshield;https://cookiedatabase.org/service/wpspamshield/
_wpss_p_;WPspamshield;Unknown;with unknown functionality;1 minute;WPspamshield;https://cookiedatabase.org/service/wpspamshield/
_wpss_j_;WPspamshield;Unknown;with unknown functionality;1 minute;WPspamshield;https://cookiedatabase.org/service/wpspamshield/
JCS_INENREF;WPspamshield;Unknown;with unknown functionality;1 minute;WPspamshield;https://cookiedatabase.org/service/wpspamshield/
_wpss_h_;WPspamshield;Unknown;with unknown functionality;1 minute;WPspamshield;https://cookiedatabase.org/service/wpspamshield/
JCS_INENTIM;WPspamshield;Unknown;with unknown functionality;1 minute;WPspamshield;https://cookiedatabase.org/service/wpspamshield/
woozone-debugbar-row-height;WZone;Functional;with unknown functionality;at least one session;WZone;https://cookiedatabase.org/service/wzone/
wptouch-device-type;WPtouch;Unknown;with unknown functionality;at least one session;WPtouch;https://cookiedatabase.org/service/wptouch/
wptouch-device-orientation;WPtouch;Unknown;with unknown functionality;at least one session;WPtouch;https://cookiedatabase.org/service/wptouch/
wptouch_customizer_mode;WPtouch;Unknown;with unknown functionality;at least one session;WPtouch;https://cookiedatabase.org/service/wptouch/
wptouch-4-admin-menu;WPtouch;Unknown;with unknown functionality;at least one session;WPtouch;https://cookiedatabase.org/service/wptouch/
xf_filter;XenForo;Unknown;with unknown functionality;at least one session;XenForo;https://cookiedatabase.org/service/xenforo/
xf_csrf;XenForo;Unknown;tostore a unique user ID.;session;XenForo;https://cookiedatabase.org/service/xenforo/
xf_session_admin;XenForo;Functional;with unknown functionality;session;XenForo;https://cookiedatabase.org/service/xenforo/
xf_session;XenForo;Functional;with unknown functionality;session;XenForo;https://cookiedatabase.org/service/xenforo/
xf_lscxf_logged_in;XenForo;Unknown;toread to determine if the user is logged in.;at least one session;XenForo;https://cookiedatabase.org/service/xenforo/
xf_edit_language_id;XenForo;Statistics;tostore language settings.;session;XenForo;https://cookiedatabase.org/service/xenforo/
xf_toggle;XenForo;Unknown;with unknown functionality;session;XenForo;https://cookiedatabase.org/service/xenforo/
xf_session_install;XenForo;Functional;with unknown functionality;session;XenForo;https://cookiedatabase.org/service/xenforo/
xf_user;XenForo;Functional;toStore logged in users.;1 month;XenForo;https://cookiedatabase.org/service/xenforo/
xf_push_history_user_ids;XenForo;Unknown;with unknown functionality;at least one session;XenForo;https://cookiedatabase.org/service/xenforo/
_ym_afr:v;Yandex Metrica;Statistics;with unknown functionality;at least one session;Yandex Metrica;https://cookiedatabase.org/service/yandex-metrica/
_ym_afr;Yandex Metrica;Statistics;with unknown functionality;at least one session;Yandex Metrica;https://cookiedatabase.org/service/yandex-metrica/
_ym_alt_wasSynced;Yandex Metrica;Statistics;with unknown functionality;at least one session;Yandex Metrica;https://cookiedatabase.org/service/yandex-metrica/
_ym_hostIndex;Yandex Metrica;Functional;toread and filter requests from bots.;1 day;Yandex Metrica;https://cookiedatabase.org/service/yandex-metrica/
_ym_alt_synced;Yandex Metrica;Statistics;with unknown functionality;at least one session;Yandex Metrica;https://cookiedatabase.org/service/yandex-metrica/
_ym_alt_retryReqs;Yandex Metrica;Statistics;with unknown functionality;at least one session;Yandex Metrica;https://cookiedatabase.org/service/yandex-metrica/
_ym_metrika_enabled;Yandex Metrica;Statistics;tostore information about cookies that have been detected on the site.;1 hour;Yandex Metrica;https://cookiedatabase.org/service/yandex-metrica/
_ym_visorc;Yandex Metrica;Statistics;with unknown functionality;at least one session;Yandex Metrica;https://cookiedatabase.org/service/yandex-metrica/
_ym_wasSynced;Yandex Metrica;Statistics;with unknown functionality;at least one session;Yandex Metrica;https://cookiedatabase.org/service/yandex-metrica/
_ym_synced;Yandex Metrica;Statistics;with unknown functionality;at least one session;Yandex Metrica;https://cookiedatabase.org/service/yandex-metrica/
hide_yith-notice-*;Yith;Unknown;with unknown functionality;at least one session;Yith;https://cookiedatabase.org/service/yith/
wsc_user_dictionary_name;Yoast;Functional;tostore performed actions on the website.;persistent;Yoast;https://cookiedatabase.org/service/yoast/
yith_wcwl_products;Yith;Unknown;with unknown functionality;at least one session;Yith;https://cookiedatabase.org/service/yith/
yith_wcwl_session_*;Yith;Unknown;with unknown functionality;1 year;Yith;https://cookiedatabase.org/service/yith/
wsc_dictionary_cache;Yoast;Functional;tostore performed actions on the website.;persistent;Yoast;https://cookiedatabase.org/service/yoast/
wsc_session_started_at;Yoast;Functional;tostore performed actions on the website.;persistent;Yoast;https://cookiedatabase.org/service/yoast/
wsc_user_dictionary;Yoast;Functional;tostore performed actions on the website.;persistent;Yoast;https://cookiedatabase.org/service/yoast/
wsc_widget_last_closed;Yoast;Functional;tostore performed actions on the website.;persistent;Yoast;https://cookiedatabase.org/service/yoast/
wsc_last_activity_at;Yoast;Functional;tostore performed actions on the website.;persistent;Yoast;https://cookiedatabase.org/service/yoast/
wsc_page_views;Yoast;Functional;tostore performed actions on the website.;persistent;Yoast;https://cookiedatabase.org/service/yoast/
wsc_connected_once;Yoast;Functional;tostore performed actions on the website.;persistent;Yoast;https://cookiedatabase.org/service/yoast/
wsc_*_userID;Yoast;Functional;tostore performed actions on the website.;persistent;Yoast;https://cookiedatabase.org/service/yoast/
wsc_*_password;Yoast;Functional;tostore performed actions on the website.;persistent;Yoast;https://cookiedatabase.org/service/yoast/
yasr_visitor_vote_cookie;Yasr - Yet Another Stars Rating;Functional;with unknown functionality;1 year;Yasr - Yet Another Stars Rating;https://cookiedatabase.org/service/yasr-yet-another-stars-rating/
builder.editor.tab;Yootheme;Functional;toprovide admin functions.;various;Yootheme;https://cookiedatabase.org/service/yootheme/
yrc-consent-cookie;YourChannel;Functional;tostore cookie consent preferences.;1 year;YourChannel;https://cookiedatabase.org/service/yourchannel/
yt-player-bandwidth;YouTube;Functional;toprovide bandwidth estimations.;session;YouTube;https://cookiedatabase.org/service/youtube/
GPS;YouTube;Marketing;tostore location data.;session;YouTube;https://cookiedatabase.org/service/youtube/
yt-player-headers-readable;YouTube;Functional;tostore configuration.;17 days;YouTube;https://cookiedatabase.org/service/youtube/
VISITOR_INFO1_LIVE;YouTube;Marketing;toprovide ad delivery or retargeting,store and track a visitor's identity,Store and track interaction.;6 months;YouTube;https://cookiedatabase.org/service/youtube/
youzify-message-type;Youzify;Unknown;with unknown functionality;at least one session;Youzify;https://cookiedatabase.org/service/youzify/
YSC;YouTube;Marketing;toStore and track interaction.;session;YouTube;https://cookiedatabase.org/service/youtube/
PREF;YouTube;Marketing;tostore user preferences.;8 months;YouTube;https://cookiedatabase.org/service/youtube/
ZD-settings;Zendesk;Functional;tostore user preferences.;persistent;Zendesk;https://cookiedatabase.org/service/zendesk/
ZD-store;Zendesk;Preferences;toprovide functions across pages.;persistent;Zendesk;https://cookiedatabase.org/service/zendesk/
ZD-suid;Zendesk;Statistics;tostore a unique session ID.;20 minutes;Zendesk;https://cookiedatabase.org/service/zendesk/
ZD-currentTime;Zendesk;Marketing;tostore last visit.;session;Zendesk;https://cookiedatabase.org/service/zendesk/
ZD-buid;Zendesk;Statistics;tostore a unique user ID.;persistent;Zendesk;https://cookiedatabase.org/service/zendesk/
zrdnFormValues;Zip Recipes;Functional;with unknown functionality;at least one session;Zip Recipes;https://cookiedatabase.org/service/zip-recipes/
zrdn_layout;Zip Recipes;Unknown;with unknown functionality;at least one session;Zip Recipes;https://cookiedatabase.org/service/zip-recipes/
zrdn_unit_type;Zip Recipes;Functional;tostore configuration.;session;Zip Recipes;https://cookiedatabase.org/service/zip-recipes/
ZRDN_UserGUID;Zip Recipes;Functional;tostore a unique user ID.;1 hour;Zip Recipes;https://cookiedatabase.org/service/zip-recipes/
zrdnDashboardDefaultsSet;Zip Recipes;Functional;tostore configuration,store settings.;persistent;Zip Recipes;https://cookiedatabase.org/service/zip-recipes/
__zlcstore;Zopim;Functional;tostore the status of the chat.;1 year;Zopim;https://cookiedatabase.org/service/zopim/
__zlcprivacy;Zopim;Functional;tostore cookie consent preferences.;session;Zopim;https://cookiedatabase.org/service/zopim/
zilla_likes_*;ZillaLikes;Functional;with unknown functionality;at least one session;ZillaLikes;https://cookiedatabase.org/service/zillalikes/
_ZB_STATS_SS_IMPRESSION_*;Zotabox;Unknown;with unknown functionality;at least one session;Zotabox;https://cookiedatabase.org/service/zotabox/
__zprivacy;Zopim;Unknown;with unknown functionality;at least one session;Zopim;https://cookiedatabase.org/service/zopim/
__zlcmid;Zopim;Functional;tostore a unique user ID.;persistent;Zopim;https://cookiedatabase.org/service/zopim/
_ZB_STATIC_LAST_ACCESS_TIME;Zotabox;Unknown;with unknown functionality;at least one session;Zotabox;https://cookiedatabase.org/service/zotabox/
_ZB_STATS_SS_IMPRESSION.*;Zotabox;Unknown;with unknown functionality;at least one session;Zotabox;https://cookiedatabase.org/service/zotabox/
_ZB_STATS_SS_IMPRESSION_FREEMIUM_;Zotabox;Unknown;with unknown functionality;at least one session;Zotabox;https://cookiedatabase.org/service/zotabox/
_ZB_STATIC_SS_DR_currentSessionTimeVisit;Zotabox;Unknown;with unknown functionality;at least one session;Zotabox;https://cookiedatabase.org/service/zotabox/
_ZB_STATS_VISIT;Zotabox;Unknown;with unknown functionality;at least one session;Zotabox;https://cookiedatabase.org/service/zotabox/
_ZB_STATIC_DR_isEU;Zotabox;Unknown;with unknown functionality;at least one session;Zotabox;https://cookiedatabase.org/service/zotabox/
_ZB_STATIC_DR_test_cookie;Zotabox;Unknown;with unknown functionality;at least one session;Zotabox;https://cookiedatabase.org/service/zotabox/
_ZB_ADMIN_TIME_STAMP_;Zotabox;Unknown;with unknown functionality;at least one session;Zotabox;https://cookiedatabase.org/service/zotabox/
_ZB_STATS_IMPRESSION_PREMIUM_;Zotabox;Unknown;with unknown functionality;at least one session;Zotabox;https://cookiedatabase.org/service/zotabox/
